color,km,make,model,power,price,year
Czerwony,78000km,Chevrolet,Camaro,333KM,65000,2014
Srebrny,220000km,BMW,Seria3,115KM,15900,1998
Czarny,117000km,Peugeot,207CC,112KM,10900,2011
Innykolor,200000km,Renault,Megane,130KM,5999,2007
Zielony,11km,Inny,Inny,7KM,13900,1955
Niebieski,192000km,Opel,Tigra,90KM,9900,2005
Czarny,40622km,BMW,Seria6,450KM,185000,2015
Niebieski,138223km,Fiat,500,69KM,17900,2011
Srebrny,200100km,Audi,A4,170KM,17900,2003
Czarny,9000km,Audi,A5,190KM,209500,2020
Innykolor,178700km,Audi,A5,211KM,31900,2009
Biały,188000km,BMW,Seria6,313KM,179000,2013
Czarny,62665km,BMW,Seria3,170KM,60000,2008
Czarny,230000km,Peugeot,207CC,120KM,10500,2007
Srebrny,99624km,MercedesBenz,SLK,360KM,72500,2006
Srebrny,73000km,MercedesBenz,SL,223KM,149000,1987
Biały,126000km,Audi,A5,177KM,79900,2013
Brązowy,150000km,Jaguar,XK,416KM,97000,2008
Czarny,231451km,MercedesBenz,CLK,240KM,22999,1999
Niebieski,189000km,Opel,Astra,105KM,22222,2006
Biały,65600km,Bentley,ContinentalGT,560KM,220000,2008
Czarny,1km,Ford,Mustang,200KM,299000,1967
Innykolor,207000km,Audi,A4,140KM,23000,2006
Czarny,57000km,Peugeot,207CC,120KM,2950,2008
Niebieski,620km,MercedesBenz,SL,204KM,119000,1982
Biały,32000km,MercedesBenz,SL,585KM,599000,2017
Szary,88931km,Chevrolet,Cavalier,120KM,32900,1988
Srebrny,162227km,Mitsubishi,Colt,150KM,14899,2006
Biały,12210km,MercedesBenz,SL,245KM,115000,2005
Niebieski,158500km,Fiat,Barchetta,130KM,14900,1996
Czarny,130000km,Opel,Tigra,125KM,11800,2005
Czarny,362000km,Volvo,C70,180KM,28500,2007
Czarny,41842km,Jaguar,FType,381KM,239900,2013
Czarny,103000km,Ford,Mustang,317KM,89887,2015
Niebieski,36000km,Jaguar,FType,300KM,185900,2019
Czerwony,25000km,Fiat,126,24KM,69000,1992
Czarny,108320km,BMW,M3,321KM,139898,1999
Czarny,72000km,BMW,Z4,170KM,40000,2005
Biały,93008km,Jaguar,XJS,295KM,79900,1988
Czarny,252500km,Audi,A4,163KM,19000,2004
Czarny,124360km,Renault,Megane,165KM,11500,2004
Srebrny,280000km,Peugeot,206CC,110KM,5900,2005
Niebieski,7000km,Inny,Inny,427KM,114800,1965
Srebrny,104000km,MercedesBenz,SL,388KM,119900,2008
Szary,35122km,MercedesBenz,SL,435KM,285900,2012
Czarny,47000km,MercedesBenz,SL,435KM,439000,2017
Czerwony,56000km,Dodge,Viper,400KM,259900,1994
Czarny,221000km,Opel,Astra,125KM,8300,2004
Srebrny,189000km,Peugeot,206,110KM,5500,2002
Srebrny,270000km,Peugeot,206CC,110KM,6900,2001
Czarny,220000km,MINI,CooperS,170KM,23900,2006
Czerwony,139000km,Volkswagen,Golf,111KM,49000,1989
Zielony,270228km,MINI,Cooper,115KM,15800,2004
Srebrny,135000km,MercedesBenz,SLK,163KM,25900,2002
Zielony,75467km,Jaguar,XJS,227KM,45900,1996
Czarny,235550km,Opel,Tigra,69KM,8800,2006
Bordowy,100000km,Triumph,Spitfire,75KM,52000,1979
Srebrny,260000km,BMW,Seria3,204KM,33000,2005
Srebrny,93000km,Renault,Megane,110KM,11990,2005
Czarny,47890km,MercedesBenz,SL,388KM,156000,2006
Srebrny,317000km,Chrysler,Sebring,140KM,16900,2008
Innykolor,161255km,Volkswagen,Golf,98KM,59900,1989
Srebrny,254500km,Opel,Astra,149KM,16500,2007
Czarny,174403km,Peugeot,207CC,150KM,16900,2008
Czarny,127972km,Peugeot,207CC,150KM,17900,2009
Innykolor,195000km,Volvo,C70,136KM,31500,2008
Czerwony,100000km,Ford,Mustang,200KM,220000,1967
Czerwony,49960km,Porsche,911,450KM,641000,2017
Czarny,137000km,Audi,A4,140KM,24900,2006
Szary,255000km,Audi,A4,233KM,33200,2008
Niebieski,70000km,Lotus,Elise,270KM,193000,2001
Niebieski,226547km,Mazda,MX5,110KM,15900,2000
Czarny,54140km,MercedesBenz,SL,525KM,319000,2008
Innykolor,182000km,Volkswagen,Eos,160KM,24900,2009
Złoty,151136km,BMW,Seria3,306KM,67000,2010
Czarny,328768km,Audi,A4,163KM,14900,2004
Czarny,230000km,BMW,Seria3,105KM,19900,1998
Innykolor,150399km,BMW,Seria3,163KM,49000,2009
Niebieski,215000km,Peugeot,206CC,138KM,4500,2002
Srebrny,220000km,Chrysler,PTCruiser,143KM,11900,2004
Biały,130000km,BMW,Seria1,306KM,29900,2008
Srebrny,110000km,BMW,Z3,231KM,33500,2001
Niebieski,120000km,Citroën,C3Pluriel,73KM,6500,2004
Srebrny,228726km,Toyota,CamrySolara,210KM,25900,2007
Czarny,167000km,Audi,A5,211KM,46950,2011
Czarny,75500km,MercedesBenz,SL,231KM,145000,1987
Bordowy,137700km,MercedesBenz,SL,306KM,33500,2000
Srebrny,224112km,MercedesBenz,SLK,193KM,25500,2000
Szary,138000km,Renault,Megane,163KM,14500,2006
Czarny,120000km,Mitsubishi,Colt,109KM,12500,2008
Srebrny,199000km,Volkswagen,Eos,140KM,18900,2007
Srebrny,98700km,Peugeot,206CC,110KM,10900,2006
Srebrny,122000km,Peugeot,206CC,110KM,8990,2004
Czarny,159607km,Volkswagen,Eos,122KM,20900,2008
Srebrny,10km,Ford,Mustang,450KM,311200,2020
Szary,205000km,BMW,Z4,150KM,36900,2005
Biały,188000km,MercedesBenz,SL,235KM,110000,1989
Zielony,10km,MINI,Cooper,136KM,168900,2022
Czarny,177000km,MercedesBenz,SL,525KM,80000,2009
Czarny,37000km,Porsche,Boxster,315KM,319900,2015
Czarny,207795km,Peugeot,307CC,136KM,8400,2007
Czarny,190000km,Audi,A4,140KM,28900,2007
Srebrny,110704km,MercedesBenz,SL,306KM,69500,2001
Szary,1km,Fiat,500,118KM,178900,2022
Niebieski,40000km,Audi,R8,525KM,320000,2012
Złoty,950km,Ferrari,F8Spider,720KM,418000,2021
Czarny,110000km,Peugeot,207CC,120KM,15700,2007
Srebrny,164000km,Opel,Tigra,90KM,9400,2006
Innykolor,50310km,MINI,Cooper,136KM,37900,2019
Czarny,150424km,Renault,Megane,130KM,21900,2011
Czerwony,9808km,Chevrolet,Camaro,432KM,250000,2017
Srebrny,148000km,BMW,Seria3,170KM,35000,2008
Szary,126000km,Peugeot,308,120KM,28900,2010
Zielony,80000km,Suzuki,Samurai,44KM,28000,1986
Niebieski,154480km,Peugeot,207CC,110KM,14900,2007
Brązowy,235000km,Audi,A4,163KM,28900,2006
Czarny,164000km,Volkswagen,Eos,116KM,19900,2007
Czarny,112000km,MercedesBenz,SL,306KM,154000,2000
Szary,161000km,Chrysler,200,180KM,42000,2013
Srebrny,53000km,Chevrolet,Corvette,466KM,209700,2015
Czarny,120092km,Ford,Mustang,421KM,126600,2015
Czarny,182000km,Peugeot,207CC,120KM,15900,2007
Czerwony,17476km,MercedesBenz,SLS,571KM,999000,2012
Innykolor,47000km,Mazda,MX5,184KM,137538,2019
Czarny,39800km,Ford,Mustang,421KM,209100,2017
Niebieski,193000km,Volkswagen,Eos,140KM,22999,2008
Szary,191000km,Mazda,MX5,126KM,26500,2006
Czarny,273000km,BMW,Seria3,170KM,24900,2001
Srebrny,190000km,Volkswagen,Golf,116KM,8900,2000
Czarny,54000km,MercedesBenz,SL,500KM,199900,2005
Srebrny,115353km,MercedesBenz,SL,306KM,65999,2003
Niebieski,42000km,Mazda,MX5,160KM,72000,2017
Bordowy,85000km,Peugeot,207CC,120KM,17900,2007
Srebrny,123000km,MercedesBenz,SLK,163KM,44444,2006
Czarny,224000km,Peugeot,307CC,138KM,13900,2005
Biały,88700km,BMW,Seria6,320KM,117900,2011
Biały,98419km,BMW,M6,507KM,47000,2010
Niebieski,298000km,Renault,Megane,115KM,9500,2005
Czerwony,231000km,BMW,Seria3,231KM,35900,2002
Czarny,157000km,Audi,TT,200KM,47500,2007
Czarny,333000km,BMW,Seria3,143KM,15000,2002
Czarny,221000km,Opel,Astra,150KM,14500,2007
Czarny,124777km,MercedesBenz,SL,306KM,299999,2012
Srebrny,172184km,Peugeot,308CC,120KM,23000,2009
Niebieski,150566km,MercedesBenz,SLK,136KM,29900,1997
Srebrny,155492km,Renault,Megane,115KM,9999,2004
Czarny,1842km,AstonMartin,Vanquish,603KM,799500,2018
Czarny,135000km,Peugeot,206CC,110KM,9900,2006
Biały,105000km,Volkswagen,Beetle,170KM,65900,2016
Srebrny,260000km,Volkswagen,Golf,100KM,8900,1999
Złoty,4509km,Ferrari,F8Spider,569KM,418000,2021
Innykolor,70000km,MercedesBenz,SL,525KM,265000,2009
Szary,166000km,Renault,Megane,105KM,14500,2011
Szary,29800km,MercedesBenz,KlasaE,435KM,363900,2018
Innykolor,19000km,Smart,Fortwo,82KM,59990,2017
Niebieski,149500km,BMW,Seria6,320KM,89900,2013
Czarny,206000km,Renault,Megane,136KM,9900,2005
Czerwony,14414km,Ferrari,Portofino,600KM,1210000,2018
Biały,167566km,MercedesBenz,SL,306KM,66900,2003
Srebrny,130000km,Peugeot,207CC,120KM,16800,2007
Niebieski,180000km,Volkswagen,Golf,90KM,6200,1996
Niebieski,40000km,MINI,CooperS,192KM,110577,2017
Niebieski,210000km,Opel,Tigra,125KM,10500,2005
Czarny,212000km,MercedesBenz,SLK,163KM,22900,2001
Bordowy,35000km,MercedesBenz,SL,306KM,139000,2003
Czarny,203000km,Opel,Tigra,90KM,8900,2004
Czarny,36360km,MercedesBenz,SL,564KM,409900,2014
Czarny,162000km,Saab,93,180KM,46900,2008
Czerwony,140000km,Opel,Tigra,90KM,10900,2006
Biały,32000km,MercedesBenz,SLK,204KM,83999,2014
Innykolor,65706km,Porsche,Boxster,265KM,259000,2013
Srebrny,74803km,Saab,93,175KM,38000,2002
Czarny,80500km,Porsche,911,400KM,359900,2012
Zielony,118000km,Audi,TT,150KM,39900,2003
Niebieski,133000km,BMW,Z3,116KM,26000,1996
Biały,29019km,MercedesBenz,KlasaC,510KM,499000,2019
Czarny,77950km,Peugeot,207CC,120KM,19900,2011
Srebrny,160047km,Opel,Tigra,90KM,9700,2006
Czarny,98243km,MercedesBenz,SL,612KM,299900,2005
Czarny,13916km,Audi,Q7,231KM,339900,2021
Innykolor,250000km,Peugeot,307CC,136KM,7500,2005
Czarny,77600km,Chevrolet,Camaro,455KM,130000,2020
Zielony,98000km,Mazda,MX5,110KM,17600,2002
Srebrny,110800km,Jaguar,XK,298KM,105899,2007
Srebrny,178697km,Peugeot,207CC,120KM,11300,2007
Bordowy,20km,BMW,M8,625KM,889900,2021
Szary,134000km,Peugeot,207CC,150KM,22700,2010
Czarny,171900km,MINI,CooperS,175KM,28669,2009
Srebrny,30400km,MercedesBenz,KlasaE,329KM,177000,2018
Czarny,187000km,Opel,Tigra,70KM,8900,2007
Niebieski,128000km,Saab,93,150KM,49900,2008
Innykolor,192300km,MINI,Cooper,120KM,20900,2010
Srebrny,66985km,MercedesBenz,SL,306KM,119999,2005
Bordowy,160000km,Chrysler,Stratus,133KM,10000,1999
Czarny,124022km,Mazda,MX5,139KM,39900,2003
Czarny,124000km,MercedesBenz,SL,306KM,57800,2005
Biały,70452km,MercedesBenz,SL,306KM,105000,2005
Szary,80100km,Mazda,MX5,160KM,72900,2012
Czarny,231108km,MercedesBenz,SL,320KM,42000,1999
Czarny,189000km,Peugeot,207CC,150KM,16700,2009
Czarny,180000km,Renault,Megane,135KM,12499,2005
Innykolor,76400km,Porsche,911,300KM,82000,1999
Czarny,,Peugeot,308CC,200KM,34900,2011
Niebieski,215000km,Mazda,MX5,110KM,20900,2002
Czarny,169000km,Volvo,C70,220KM,35900,2008
Czarny,193000km,Volvo,C70,150KM,48800,2012
Srebrny,180000km,Volvo,C70,136KM,28500,2008
Złoty,202000km,Renault,Megane,136KM,9990,2004
Czarny,253000km,BMW,Seria3,231KM,31900,2001
Szary,159000km,Volkswagen,Eos,160KM,26500,2010
Innykolor,23800km,Fiat,500,69KM,43900,2016
Bordowy,169000km,Nissan,300ZX,268KM,39900,1993
Biały,143000km,MercedesBenz,SL,231KM,54900,1997
Szary,127000km,Citroën,C3Pluriel,68KM,3500,2005
Niebieski,,Audi,90,174KM,59900,1994
Czarny,158000km,Audi,A5,204KM,64900,2013
Innykolor,217277km,Audi,A3,160KM,29900,2008
Czarny,236000km,BMW,Seria6,285KM,80900,2008
Czerwony,60000km,Fiat,124Spider,130KM,113000,1970
Innykolor,196000km,MINI,CooperS,170KM,19999,2005
Innykolor,25900km,MercedesBenz,SLC,156KM,136700,2018
Srebrny,190000km,Audi,Cabriolet,160KM,17900,2004
Czarny,21300km,MercedesBenz,KlasaC,258KM,149900,2018
Czerwony,114000km,Honda,S2000,240KM,119900,2004
Brązowy,123725km,Peugeot,308CC,120KM,20900,2011
Srebrny,138143km,Opel,Tigra,125KM,8990,2004
Czarny,147000km,Smart,Roadster,82KM,18600,2006
Niebieski,157000km,Peugeot,206CC,110KM,5500,2004
Innykolor,223000km,Audi,A4,233KM,27900,2007
Czerwony,131000km,Toyota,CamrySolara,225KM,25500,2006
Czerwony,210000km,Peugeot,207CC,122KM,18500,2010
Niebieski,180000km,BMW,Seria3,150KM,19500,1994
Biały,77500km,MercedesBenz,KlasaS,585KM,485000,2016
Biały,125264km,Mazda,MX5,160KM,54997,2013
Czarny,240000km,Opel,Astra,140KM,24500,2008
Czarny,28000km,BMW,Seria8,530KM,569000,2020
Niebieski,196702km,BMW,Seria3,170KM,13500,2000
Czarny,105700km,MercedesBenz,SLK,272KM,55000,2005
Niebieski,203000km,Audi,A4,140KM,24900,2006
Czarny,129000km,BMW,Seria4,184KM,109900,2014
Czarny,163000km,BMW,Seria4,184KM,89900,2014
Srebrny,170000km,Audi,A5,240KM,67500,2011
Żółty,125050km,Volkswagen,NewBeetle,160KM,68000,2015
Czarny,268000km,BMW,Seria3,197KM,41900,2008
Czarny,185500km,Audi,A5,170KM,46900,2009
Srebrny,198345km,Audi,A4,163KM,39999,2009
Czarny,168000km,Peugeot,207CC,120KM,15000,2007
Srebrny,160000km,Daihatsu,Copen,87KM,29999,2007
Czarny,229000km,Renault,Megane,110KM,10900,2005
Czarny,252000km,Audi,A4,170KM,16999,2004
Niebieski,360000km,BMW,Z4,192KM,30500,2005
Niebieski,140000km,Peugeot,206CC,138KM,10900,2003
Bordowy,111900km,Nissan,370Z,328KM,89999,2013
Czarny,107000km,Audi,TT,160KM,48700,2011
Innykolor,178000km,Peugeot,307CC,138KM,10900,2005
Bordowy,205000km,MercedesBenz,SL,200KM,109000,1985
Czarny,290745km,Peugeot,307CC,143KM,13500,2006
Czarny,165000km,Ford,Mustang,305KM,89500,2015
Srebrny,220000km,MercedesBenz,SLK,193KM,23900,1998
Czarny,160546km,Volkswagen,Eos,122KM,21990,2008
Brązowy,60000km,Austin,Healey,118KM,125000,1958
Szary,71000km,Ford,Mustang,317KM,94500,2016
Złoty,180000km,MINI,Cooper,115KM,21800,2006
Czarny,124200km,Audi,A3,105KM,34900,2012
Czarny,110000km,Peugeot,207CC,120KM,18990,2010
Niebieski,169400km,Volkswagen,NewBeetle,115KM,21900,2003
Srebrny,73000km,BMW,Seria2,184KM,61900,2016
Czarny,193000km,Opel,Astra,140KM,19999,2008
Czarny,222222km,Volkswagen,NewBeetle,105KM,26900,2006
Fioletowy,185000km,Peugeot,307CC,109KM,12900,2005
Biały,228742km,Volkswagen,NewBeetle,150KM,17200,2004
Srebrny,135677km,MercedesBenz,SLK,231KM,53000,2005
Czarny,55457km,MercedesBenz,KlasaE,306KM,115000,2012
Biały,98000km,MercedesBenz,SL,306KM,72000,2003
Złoty,230000km,Renault,Megane,136KM,9999,2005
Biały,15000km,MercedesBenz,KlasaC,510KM,355000,2019
Czarny,166000km,BMW,Seria3,170KM,39000,2009
Szary,54000km,Mazda,MX5,160KM,89900,2016
Srebrny,225500km,Peugeot,308CC,140KM,27900,2010
Czarny,225150km,BMW,Z4,150KM,32200,2005
Czarny,66877km,BMW,Seria6,320KM,145900,2016
Czarny,66100km,BMW,Seria3,143KM,59900,2009
Biały,111000km,MercedesBenz,SL,306KM,93999,2002
Czerwony,105000km,Peugeot,207,120KM,16500,2008
Biały,73500km,BMW,Z4,245KM,125000,2015
Czarny,83000km,MercedesBenz,SL,320KM,129000,1998
Srebrny,161000km,MercedesBenz,W12419841993,220KM,83000,1993
Czarny,15500km,Porsche,718Boxster,350KM,449900,2020
Niebieski,54000km,BMW,Seria2,149KM,119000,2018
Czarny,250385km,Audi,Cabriolet,220KM,9900,2002
Biały,36000km,Chevrolet,Corvette,300KM,328500,1962
Czerwony,241000km,Peugeot,207CC,110KM,16400,2007
Czarny,211572km,MercedesBenz,SLK,136KM,7300,1999
Niebieski,47000km,Mazda,MX5,126KM,37900,2008
Czarny,201000km,MercedesBenz,SL,231KM,63000,1994
Czarny,177400km,Volkswagen,Eos,150KM,21900,2006
Srebrny,137000km,Mazda,MX5,140KM,19900,2000
Niebieski,230868km,BMW,Z4,170KM,19800,2003
Czarny,120000km,MercedesBenz,SL,326KM,97800,1993
Biały,56000km,MercedesBenz,SLC,367KM,155000,2016
Czarny,4653km,MercedesBenz,KlasaC,390KM,369000,2019
Biały,48000km,Porsche,718Boxster,300KM,225000,2018
Biały,121055km,Fiat,500,69KM,24999,2011
Innykolor,177372km,Volkswagen,Eos,150KM,23900,2008
Biały,18200km,Audi,A5,252KM,148500,2018
Szary,116000km,MercedesBenz,SLK,306KM,129150,2012
Czerwony,105000km,Ford,Mustang,305KM,85000,2015
Czarny,151250km,Opel,Astra,125KM,9999,2005
Czarny,57000km,BMW,Z4,184KM,120000,2015
Czarny,192500km,Lexus,SC,285KM,62500,2004
Innykolor,108300km,MercedesBenz,SL,306KM,67000,2001
Biały,135000km,Rover,MG,140KM,5500,1997
Czarny,312000km,BMW,Seria3,245KM,54900,2009
Biały,46000km,MercedesBenz,KlasaS,455KM,599000,2016
Innykolor,137020km,Peugeot,207CC,109KM,15700,2008
Czarny,188000km,BMW,Seria6,320KM,105900,2011
Innykolor,134900km,Renault,Megane,107KM,12900,1999
Szary,111325km,Peugeot,207CC,120KM,11000,2009
Zielony,207500km,Suzuki,Vitara,80KM,12000,1995
Niebieski,80000km,Pontiac,TransAm,210KM,70000,1985
Niebieski,134565km,Chevrolet,Corvette,340KM,99999,2000
Srebrny,118000km,Ford,Streetka,95KM,9300,2004
Czarny,119000km,MercedesBenz,SL,306KM,89000,2003
Biały,89000km,MG,TD,84KM,58500,1972
Czerwony,1km,BMW,Seria8,625KM,955100,2021
Biały,205000km,MINI,CooperS,170KM,26500,2007
Innykolor,195000km,Inny,Inny,11KM,5250,2005
Czarny,166780km,MercedesBenz,SLK,272KM,33900,2004
Srebrny,276226km,Peugeot,307CC,136KM,11800,2008
Czarny,229017km,Peugeot,206CC,110KM,12000,2002
Żółty,81333km,Dodge,Viper,506KM,130000,2005
Srebrny,,Opel,Astra,101KM,10900,2002
Czarny,228432km,Opel,Astra,140KM,18900,2009
Czarny,15000km,Porsche,718Boxster,300KM,290000,2019
Czerwony,305000km,BMW,Seria3,113KM,49900,1990
Czarny,35300km,Porsche,911,420KM,474878,2017
Czarny,189123km,Volvo,C70,136KM,31999,2009
Bordowy,169000km,MercedesBenz,SL,231KM,48000,1995
Srebrny,110000km,MercedesBenz,SL,306KM,75500,2005
Niebieski,192100km,Nissan,Micra,88KM,8800,2006
Srebrny,190000km,Volkswagen,Eos,150KM,19900,2007
Czarny,213000km,Mitsubishi,Colt,109KM,8900,2006
Niebieski,120000km,Jaguar,XJS,295KM,73300,1987
Srebrny,268000km,MercedesBenz,SL,231KM,69000,1997
Szary,199221km,Mazda,MX5,110KM,11450,2002
Czarny,115600km,Audi,TT,160KM,55000,2011
Srebrny,240000km,Volkswagen,Eos,140KM,20900,2007
Czarny,10km,McLaren,altul,675KM,1999000,2017
Czarny,247950km,BMW,Seria3,192KM,26900,2003
Szary,144000km,Audi,S5,333KM,75000,2011
Czerwony,73000km,Bentley,ContinentalGT,635KM,319000,2010
Biały,60000km,Fiat,500,69KM,37600,2016
Czarny,146000km,MercedesBenz,SLK,163KM,31900,2004
Szary,204600km,Renault,Megane,110KM,26500,2011
Czerwony,6000km,Mazda,MX5,160KM,98000,2017
Czerwony,78221km,MercedesBenz,SL,306KM,42600,1999
Czarny,91000km,Opel,Astra,116KM,18900,1994
Biały,60000km,MercedesBenz,KlasaE,211KM,210000,2015
Czerwony,1km,Porsche,718Boxster,300KM,378768,2022
Innykolor,105500km,Honda,S2000,240KM,129000,2008
Czarny,3090km,Lamborghini,Huracan,640KM,1600000,2020
Zielony,8500km,Porsche,718Boxster,400KM,476469,2020
Srebrny,211090km,Opel,Tigra,125KM,10999,2006
Szary,20000km,Porsche,911,385KM,749900,2020
Czerwony,,Opel,Tigra,90KM,7777,2005
Srebrny,180000km,Peugeot,206,138KM,3700,2002
Niebieski,138600km,Peugeot,206CC,110KM,9500,2005
Czarny,187474km,Ford,Focus,145KM,21500,2007
Czarny,31500km,MercedesBenz,KlasaE,194KM,248000,2018
Czerwony,10960km,Ferrari,California,460KM,799900,2017
Czarny,174588km,Ford,Focus,136KM,19900,2008
Czerwony,117920km,Porsche,Boxster,320KM,89900,2011
Srebrny,329488km,BMW,Z3,231KM,54900,2000
Niebieski,89000km,Volkswagen,Golf,102KM,17700,2000
Czarny,209000km,Audi,A4,200KM,27900,2006
Czarny,87000km,Audi,A5,170KM,22900,2012
Złoty,108000km,Renault,Megane,136KM,14650,2004
Żółty,119000km,BMW,Z3,150KM,55000,2000
Czarny,27000km,Chevrolet,Camaro,453KM,262000,2019
Czarny,87000km,Chevrolet,Camaro,208KM,74000,1983
Czarny,225361km,BMW,Seria3,218KM,42900,2007
Czerwony,64268km,MercedesBenz,SLK,306KM,114900,2012
Czarny,203000km,Mazda,MX5,126KM,30999,2006
Szary,2km,AstonMartin,Vantage,510KM,224090,2021
Szary,6588km,Audi,A5,265KM,245000,2021
Biały,225000km,MercedesBenz,KlasaE,231KM,79900,2010
Srebrny,72000km,MercedesBenz,SLK,184KM,62000,2011
Brązowy,,Opel,Cascada,200KM,75900,2017
Szary,37000km,Chevrolet,Corvette,466KM,290000,2016
Niebieski,1km,Volkswagen,Garbus,34KM,85000,1972
Szary,148000km,Renault,Megane,130KM,23900,2010
Czarny,140000km,MercedesBenz,SL,306KM,99999,2003
Szary,133025km,BMW,Seria4,245KM,103000,2015
Innykolor,217473km,Peugeot,207CC,150KM,19999,2008
Niebieski,140000km,Opel,Tigra,90KM,9900,2004
Biały,46700km,MercedesBenz,SL,307KM,119000,2000
Szary,170000km,Audi,A4,220KM,18900,2003
Srebrny,,MercedesBenz,SLK,163KM,32600,2004
Szary,309700km,BMW,Z4,231KM,39999,2005
Czarny,140000km,MercedesBenz,SLK,163KM,42000,2006
Beżowy,60293km,MercedesBenz,SL,218KM,72900,1983
Czarny,113600km,Porsche,Boxster,245KM,99000,2008
Czarny,208000km,Volkswagen,Eos,140KM,19900,2008
Niebieski,95000km,Opel,Astra,140KM,13900,2007
Niebieski,155000km,MercedesBenz,SL,306KM,44900,2005
Srebrny,314000km,Audi,A4,163KM,27900,2006
Czarny,29000km,MercedesBenz,SL,306KM,129000,2006
Czerwony,103048km,MINI,Cooper,115KM,28500,2005
Czarny,295000km,Porsche,911,215KM,228000,1983
Biały,295000km,Porsche,911,250KM,185000,1984
Srebrny,198000km,Fiat,124Spider,110KM,57999,1981
Niebieski,79492km,Ford,Mustang,156KM,32900,1973
Srebrny,295000km,Porsche,914,90KM,95000,1971
Czarny,1550km,BMW,M4,510KM,579900,2021
Niebieski,190000km,MercedesBenz,SL,223KM,99999,1987
Szary,92792km,MercedesBenz,CLK,170KM,45900,2004
Srebrny,244000km,Opel,Astra,150KM,16400,2008
Niebieski,110994km,MercedesBenz,SLK,193KM,14777,1998
Czarny,138000km,Peugeot,207CC,150KM,22900,2009
Czarny,166000km,Jaguar,XK8,284KM,66000,2001
Czarny,153000km,Audi,A4,190KM,17800,2003
Czarny,189123km,Peugeot,207,120KM,17900,2007
Szary,101000km,Porsche,911,480KM,479700,2008
Biały,112000km,Audi,A5,211KM,33900,2010
Czerwony,48800km,MercedesBenz,KlasaE,306KM,120400,2014
Czerwony,117550km,MercedesBenz,SL,306KM,79500,2004
Czerwony,151247km,Mazda,MX5,160KM,27900,2006
Innykolor,313000km,Volvo,C70,136KM,30500,2008
Czarny,115000km,BMW,Seria1,306KM,72000,2011
Beżowy,169000km,Opel,Astra,180KM,13000,2008
Szary,9274km,Mazda,MX5,184KM,95900,2020
Niebieski,120000km,Mazda,MX5,160KM,46800,2008
Złoty,50500km,Jaguar,XK,385KM,99900,2011
Biały,84810km,Saab,93,180KM,85000,2010
Czarny,56400km,BMW,Z4,184KM,75900,2012
Czarny,311000km,MercedesBenz,SL,307KM,96900,1999
Bordowy,58029km,Ford,Mustang,225KM,150000,1966
Czarny,,Mazda,MX5,140KM,19300,2000
Srebrny,204930km,Mazda,MX5,146KM,21990,2002
Innykolor,102000km,MercedesBenz,SL,388KM,69900,2007
Czarny,255555km,BMW,Seria3,231KM,17500,2000
Szary,174000km,BMW,Seria1,143KM,33000,2009
Biały,159000km,Fiat,500,69KM,20900,2011
Niebieski,185000km,Audi,A4,220KM,7500,2003
Innykolor,57400km,MercedesBenz,SL,306KM,31900,2006
Zielony,198500km,Nissan,300ZX,268KM,38900,1994
Srebrny,272761km,MercedesBenz,CLK,197KM,24900,2000
Srebrny,195000km,Volkswagen,NewBeetle,100KM,14300,2006
Szary,263253km,Honda,S2000,240KM,49900,2004
Czarny,97787km,Ford,Mustang,200KM,65900,1966
Czarny,155567km,Volkswagen,Eos,140KM,21600,2009
Czarny,145000km,MercedesBenz,CLK,163KM,35900,2003
Innykolor,169000km,Porsche,Boxster,280KM,94000,2005
Czarny,198000km,Opel,Tigra,90KM,12900,2005
Czerwony,87400km,Porsche,Boxster,265KM,119000,2013
Zielony,179500km,Peugeot,206CC,110KM,5000,2001
Srebrny,269000km,Audi,A4,163KM,17900,2005
Niebieski,132000km,Peugeot,207CC,150KM,6900,2007
Czerwony,74952km,Volkswagen,Beetle,170KM,71800,2016
Czerwony,69000km,Ferrari,308,208KM,365000,1979
Niebieski,170400km,Peugeot,307CC,110KM,9900,2005
Niebieski,189000km,BMW,Seria3,149KM,19900,1996
Czerwony,75800km,Porsche,356,75KM,98500,1959
Niebieski,62000km,Suzuki,Jimny,80KM,18800,2003
Czarny,60000km,Porsche,911,350KM,345000,2015
Srebrny,147000km,Renault,Megane,115KM,7999,1998
Biały,48900km,Audi,S5,354KM,215000,2018
Czarny,50000km,Audi,A3,190KM,78000,2016
Czarny,112000km,MercedesBenz,SL,306KM,158670,1999
Biały,55000km,MINI,CooperS,183KM,59000,2015
Srebrny,145000km,BMW,Seria3,272KM,65000,2011
Niebieski,1km,Citroën,Inny,25KM,38900,1923
Biały,61000km,BMWALPINA,Inny,302KM,169740,2018
Niebieski,150000km,Mitsubishi,Colt,109KM,15000,2006
Zielony,161000km,Mazda,MX5,140KM,16500,1999
Biały,68000km,Audi,RS5,450KM,189000,2015
Biały,158450km,BMW,Seria3,245KM,79000,2011
Biały,191000km,MercedesBenz,SL,388KM,119000,2008
Innykolor,186000km,Renault,Megane,140KM,7900,2000
Biały,59500km,BMW,Seria2,335KM,75000,2017
Innykolor,55000km,BMW,Z4,245KM,135000,2014
Czarny,81000km,BMW,M6,560KM,189000,2014
Beżowy,173924km,Opel,Astra,150KM,17000,2008
Czerwony,15000km,Ferrari,California,460KM,570000,2011
Szary,14000km,AstonMartin,V8Vantage,436KM,450000,2014
Czarny,195000km,MercedesBenz,SL,388KM,69900,2007
Innykolor,15km,Jaguar,FType,300KM,412600,2021
Biały,130000km,BMW,M3,343KM,149900,2005
Czarny,99999km,BMW,Z4,340KM,74990,2011
Innykolor,266558km,Opel,Astra,115KM,11500,1997
Czarny,189000km,Audi,A3,140KM,31900,2009
Czarny,60000km,Porsche,911,300KM,750000,1988
Czerwony,48800km,MercedesBenz,KlasaE,435KM,499900,2019
Szary,28500km,MercedesBenz,SL,630KM,839900,2016
Czerwony,80000km,Suzuki,Samurai,64KM,9900,1990
Biały,27000km,Audi,A5,190KM,105000,2018
Czarny,279747km,Renault,Megane,136KM,8200,2004
Czerwony,,Mazda,MX5,132KM,87000,2019
Czarny,81600km,Fiat,500,69KM,39000,2015
Czarny,252700km,BMW,M3,420KM,102900,2008
Czarny,208000km,BMW,Seria3,143KM,29900,2002
Czarny,75000km,MercedesBenz,KlasaC,367KM,185000,2016
Srebrny,196400km,MercedesBenz,SLK,136KM,16000,1999
Czarny,135000km,Renault,Wind,100KM,27500,2010
Srebrny,119000km,Volkswagen,Eos,150KM,22900,2006
Czarny,88000km,BMW,Seria4,326KM,169000,2017
Szary,287000km,BMW,Z4,192KM,39900,2004
Czarny,122000km,Ford,Mustang,317KM,94000,2016
Niebieski,103126km,Audi,A5,225KM,72999,2015
Czarny,114846km,Porsche,Boxster,251KM,35900,2001
Innykolor,174000km,Opel,Tigra,125KM,14900,2009
Czerwony,118870km,Peugeot,207,120KM,14600,2007
Srebrny,211000km,Volvo,C70,163KM,16500,2001
Srebrny,2260km,MercedesBenz,SL,585KM,649000,2017
Czerwony,233000km,MercedesBenz,SL,200KM,39900,1972
Czerwony,211002km,Renault,19,135KM,9000,1992
Czarny,148500km,Volkswagen,Inny,100KM,10500,2000
Niebieski,140000km,Volkswagen,NewBeetle,102KM,19500,2006
Szary,30500km,BMW,M6,507KM,169999,2006
Bordowy,194000km,Peugeot,308CC,110KM,31800,2011
Czarny,224000km,BMW,Seria3,170KM,29999,2002
Beżowy,149000km,BMW,Seria6,367KM,54000,2007
Czarny,146900km,Peugeot,308CC,120KM,19900,2013
Czarny,42500km,Bentley,ContinentalGT,625KM,419000,2014
Czarny,134000km,Smart,Fortwo,60KM,11000,2001
Srebrny,267800km,Citroën,C3Pluriel,68KM,7900,2006
Czerwony,213000km,MercedesBenz,SL,307KM,39500,2000
Zielony,24500km,Porsche,718Spyder,420KM,630718,2021
Srebrny,212453km,Peugeot,206CC,138KM,6600,2006
Czarny,115000km,MercedesBenz,SLK,163KM,40000,2007
Czarny,177098km,MercedesBenz,SLK,163KM,34900,2006
Czarny,265000km,MercedesBenz,SLK,197KM,15800,2001
Biały,8300km,AstonMartin,DB9,477KM,319999,2008
Szary,118000km,MercedesBenz,SL,525KM,199000,2009
Szary,220000km,Renault,Megane,115KM,12999,2005
Biały,188000km,Volvo,C70,177KM,65000,2012
Złoty,122570km,Volkswagen,Eos,200KM,30000,2009
Srebrny,191000km,Volkswagen,Golf,75KM,8900,1997
Srebrny,88000km,Peugeot,307CC,109KM,11500,2006
Czerwony,150200km,Porsche,911,385KM,259000,2008
Czarny,291000km,Opel,Astra,150KM,17900,2008
Innykolor,189440km,MINI,Cooper,115KM,22900,2005
Niebieski,167000km,BMW,Seria3,115KM,19900,1997
Biały,64500km,MercedesBenz,Inny,105KM,62000,1956
Niebieski,54500km,MercedesBenz,Inny,105KM,67500,1959
Srebrny,157100km,Opel,Astra,140KM,16200,2006
Szary,105000km,Peugeot,207CC,120KM,18900,2009
Srebrny,115500km,MercedesBenz,SL,476KM,99000,2003
Szary,139147km,Fiat,500,85KM,25700,2011
Szary,202000km,Peugeot,308CC,140KM,21900,2009
Zielony,180000km,Mazda,MX5,110KM,16490,1999
Czarny,203000km,MercedesBenz,SLK,163KM,23500,2003
Czarny,135471km,Volkswagen,Eos,200KM,28900,2008
Czarny,267434km,Peugeot,206,110KM,3850,2006
Czarny,223000km,Audi,A5,211KM,49900,2009
Żółty,237000km,Renault,Megane,136KM,11200,2004
Szary,27869km,BMW,Z4M,340KM,269370,2019
Niebieski,124878km,Chrysler,PTCruiser,143KM,12899,2004
Czarny,195000km,Peugeot,206,109KM,6900,2004
Szary,141000km,BMW,Seria3,231KM,31900,2002
Niebieski,186000km,MG,F,120KM,10500,1999
Biały,1km,Jaguar,FType,300KM,468300,2022
Biały,60000km,Ford,Mustang,421KM,159999,2017
Innykolor,195774km,Volkswagen,Golf,98KM,44900,1990
Zielony,178000km,Audi,Cabriolet,125KM,24500,1998
Czarny,215231km,Volkswagen,Eos,115KM,15900,2007
Srebrny,247200km,MercedesBenz,SLK,163KM,29900,2005
Czarny,30000km,BMW,M4,431KM,259900,2016
Czarny,95651km,MercedesBenz,SLK,204KM,85000,2015
Biały,124000km,Volkswagen,Golf,160KM,20500,2011
Biały,12000km,Porsche,911,520KM,659900,2020
Zielony,34250km,Lamborghini,Huracan,602KM,805000,2016
Czarny,70000km,Chevrolet,Corvette,340KM,49900,1999
Biały,52000km,MercedesBenz,KlasaS,449KM,265000,2017
Czarny,227000km,Volkswagen,Golf,115KM,7000,1997
Czarny,182130km,Opel,Tigra,125KM,9400,2005
Czerwony,192000km,Cadillac,Allante,299KM,50000,1989
Zielony,121200km,BMW,Z3,118KM,28900,1998
Czarny,100000km,Suzuki,Vitara,80KM,17500,1996
Biały,152500km,Audi,A3,105KM,33900,2010
Czerwony,95000km,Audi,S4,344KM,64999,2007
Biały,80295km,Ford,Mustang,305KM,45000,2013
Szary,110000km,Smart,Fortwo,40KM,6900,2001
Srebrny,77000km,MercedesBenz,SL,326KM,88000,1991
Czarny,180747km,MercedesBenz,SL,500KM,110000,2005
Czerwony,4300km,Ford,Mustang,290KM,105000,2021
Złoty,105000km,Jaguar,XJS,322KM,27502,1987
Srebrny,196000km,MercedesBenz,SLK,136KM,15500,1997
Czarny,1960km,Ferrari,Portofino,600KM,1130000,2018
Niebieski,198000km,Volkswagen,Golf,125KM,9590,2000
Innykolor,184256km,Audi,A5,170KM,18900,2010
Złoty,165238km,Toyota,CamrySolara,225KM,31900,2006
Czarny,181881km,Peugeot,307CC,110KM,13800,2006
Czerwony,36000km,Porsche,911,300KM,199000,2001
Innykolor,250000km,MercedesBenz,CLK,136KM,13900,1999
Żółty,124500km,Fiat,Punto,60KM,18000,1999
Szary,20km,BMW,Seria8,340KM,589900,2022
Srebrny,266000km,Audi,A4,140KM,19900,2007
Biały,70000km,Ferrari,California,460KM,50000,2013
Niebieski,189800km,Mazda,MX5,146KM,27500,2001
Czarny,162000km,Volvo,C70,230KM,48000,2012
Czarny,158000km,Volvo,C70,150KM,45900,2010
Srebrny,233000km,Chrysler,PTCruiser,143KM,12900,2006
Czarny,120000km,Ferrari,308,230KM,184000,1981
Biały,43000km,MercedesBenz,KlasaE,245KM,227550,2018
Srebrny,79572km,MercedesBenz,SL,306KM,85900,2003
Bordowy,77400km,MercedesBenz,SL,306KM,85999,2005
Niebieski,35000km,MercedesBenz,SLC,367KM,239900,2018
Niebieski,111153km,Mazda,MX5,140KM,25000,1999
Czarny,170000km,Saab,900,156KM,84870,1991
Biały,104000km,Ford,Mustang,317KM,98000,2016
Srebrny,210000km,Audi,A4,163KM,15999,2003
Innykolor,24900km,Fiat,124Spider,140KM,66900,2016
Czarny,207686km,Ford,Focus,145KM,19500,2009
Biały,151000km,MercedesBenz,SL,227KM,129800,1986
Zielony,5km,Jaguar,Inny,224KM,588000,1960
Czerwony,4649km,Ford,Mustang,272KM,349000,1966
Złoty,238977km,Renault,Megane,111KM,12900,2007
Biały,14395km,Radical,SR3RSX,210KM,36000,2010
Niebieski,292000km,BMW,Z3,231KM,29500,2000
Biały,83000km,Chevrolet,Camaro,275KM,102000,2018
Szary,7642km,BMW,Z4,258KM,254740,2020
Czarny,135000km,MercedesBenz,CLK,218KM,45999,2003
Brązowy,104000km,Volkswagen,Beetle,105KM,55000,2014
Niebieski,188000km,Renault,Megane,110KM,15900,2008
Niebieski,77035km,BMW,Z3,140KM,59900,1998
Srebrny,111103km,BMW,Z3,140KM,42900,1997
Niebieski,170000km,Saab,93,180KM,39000,2009
Czarny,149000km,MercedesBenz,280,231KM,57999,2006
Czerwony,235000km,Audi,Cabriolet,150KM,59999,1994
Srebrny,189000km,Volkswagen,Eos,140KM,28400,2009
Czarny,65000km,BMW,Seria4,258KM,118000,2017
Czerwony,51140km,Dodge,Viper,506KM,219900,2005
Innykolor,129347km,MercedesBenz,SL,231KM,49900,1990
Czarny,210900km,MercedesBenz,CLK,217KM,32900,2001
Niebieski,55429km,Porsche,911,320KM,129900,2003
Zielony,4948km,BMW,Seria4,258KM,349900,2021
Biały,149000km,Volkswagen,Golf,105KM,35900,2013
Biały,34686km,MINI,CooperS,192KM,139900,2019
Biały,188000km,Peugeot,207CC,120KM,15800,2008
Czarny,37125km,MercedesBenz,KlasaE,184KM,209999,2017
Czarny,139999km,MercedesBenz,SL,306KM,88900,2003
Czerwony,150000km,Mazda,MX5,160KM,129900,2010
Czarny,128000km,Opel,Tigra,90KM,7900,2007
Szary,132300km,BMW,Z4,245KM,96900,2013
Czarny,178530km,Smart,Fortwo,61KM,7900,2006
Srebrny,169000km,Mazda,MX5,146KM,16400,2004
Czarny,170000km,Audi,A4,163KM,19900,2004
Innykolor,173710km,BMW,Seria6,313KM,129900,2016
Zielony,108000km,Opel,Astra,75KM,14999,1998
Żółty,163000km,Mazda,MX5,110KM,19999,2001
Szary,97309km,Peugeot,207CC,120KM,14900,2007
Czarny,163000km,Opel,Astra,200KM,14950,2006
Szary,5100km,Fiat,500,70KM,65500,2021
Beżowy,119427km,MercedesBenz,SL,326KM,84899,1993
Szary,31900km,MercedesBenz,KlasaE,367KM,289000,2019
Niebieski,171315km,Renault,Megane,135KM,13200,2008
Srebrny,67940km,AstonMartin,DB7,420KM,258000,2003
Niebieski,150000km,Ford,Focus,100KM,14900,2007
Innykolor,150000km,Citroën,C3Pluriel,75KM,8777,2003
Czarny,109000km,MercedesBenz,SLK,183KM,53900,2009
Czerwony,77752km,MercedesBenz,SLK,218KM,48000,2003
Czarny,24000km,Opel,GT,264KM,99000,2007
Czarny,120000km,BMW,Seria3,170KM,56000,1990
Złoty,126459km,MercedesBenz,SL,230KM,389000,1989
Czarny,143000km,Peugeot,206CC,138KM,10500,2002
Czarny,201052km,Ford,Focus,145KM,18900,2010
Czarny,209430km,Volkswagen,Eos,140KM,17999,2007
Biały,200000km,MercedesBenz,SL,326KM,46000,1990
Srebrny,50000km,Fiat,X1,75KM,45000,1977
Biały,163000km,BMW,Seria3,183KM,50000,2010
Czerwony,62873km,Mazda,MX5,160KM,95000,2018
Biały,220000km,Peugeot,308CC,140KM,10900,2010
Niebieski,181000km,Peugeot,308CC,150KM,27900,2010
Czarny,6km,BMW,Seria4,245KM,298100,2022
Szary,190000km,Opel,Cascada,165KM,41500,2013
Srebrny,168000km,Peugeot,206CC,110KM,6900,2002
Niebieski,130000km,Mazda,MX5,110KM,25200,2001
Żółty,103000km,Jeep,Wrangler,176KM,96000,2004
Szary,123232km,Renault,Megane,111KM,14900,2006
Szary,159000km,Lancia,Fulvia,231KM,48900,2013
Czarny,158000km,Opel,Astra,120KM,6999,2005
Innykolor,180000km,Mitsubishi,Colt,109KM,12999,2008
Czarny,157000km,BMW,Z3,192KM,46900,2001
Czarny,198000km,BMW,Z3,115KM,24000,1998
Zielony,41767km,Chevrolet,Corvette,466KM,219900,2014
Srebrny,91000km,Porsche,Boxster,260KM,86900,2004
Czerwony,10km,Ford,Mustang,450KM,304800,2022
Srebrny,203000km,MercedesBenz,SLK,136KM,10500,1998
Złoty,153000km,MercedesBenz,SL,320KM,89000,1997
Czerwony,400km,MercedesBenz,KlasaS,630KM,2399900,2017
Szary,69584km,Audi,S5,333KM,174999,2015
Czarny,184000km,BMW,Seria3,163KM,21900,2008
Szary,117000km,Renault,Megane,140KM,28900,2011
Fioletowy,222000km,BMW,Seria3,193KM,28900,1995
Biały,155000km,MercedesBenz,SLC,218KM,30900,1980
Biały,49000km,Triumph,Spitfire,71KM,41000,1977
Biały,112000km,AlfaRomeo,Spider,120KM,37900,1990
Czarny,220000km,Peugeot,308CC,140KM,5500,2009
Zielony,92000km,Jeep,Wrangler,284KM,115000,2014
Czarny,157051km,Audi,A5,211KM,75500,2013
Szary,126000km,Peugeot,207CC,120KM,14800,2007
Czarny,17098km,AstonMartin,DB11,510KM,535000,2019
Czerwony,328000km,Renault,Megane,136KM,8500,2005
Niebieski,120000km,Peugeot,207CC,120KM,18500,2009
Czarny,999999km,MercedesBenz,SL,180KM,65000,1979
Srebrny,198000km,MercedesBenz,CLK,136KM,19900,1999
Zielony,136000km,Suzuki,Jimny,80KM,20600,2003
Niebieski,185000km,BMW,Z3,150KM,45000,2000
Srebrny,175000km,MercedesBenz,SL,306KM,199000,2002
Niebieski,91800km,Nissan,Micra,110KM,10999,2008
Innykolor,197000km,Saab,93,250KM,42500,2007
Czarny,179000km,Mazda,MX5,146KM,29000,2000
Innykolor,234000km,BMW,Seria3,170KM,29500,2000
Niebieski,240000km,BMW,Seria3,170KM,20000,1999
Srebrny,106000km,MercedesBenz,SL,245KM,64900,2003
Czarny,221385km,Volkswagen,Eos,140KM,16900,2007
Czarny,184000km,Volvo,C70,136KM,24900,2008
Czarny,134250km,Renault,Megane,111KM,12990,2006
Czarny,275511km,Audi,A4,240KM,31900,2008
Czarny,131000km,Peugeot,207CC,149KM,15500,2007
Czarny,165000km,MercedesBenz,SL,306KM,225900,2012
Niebieski,20350km,Mazda,MX5,184KM,101900,2019
Zielony,242200km,Audi,TT,180KM,17990,2003
Srebrny,205000km,Volkswagen,Eos,150KM,16900,2008
Czarny,175000km,Mitsubishi,Colt,109KM,6666,2007
Szary,170000km,Opel,Tigra,125KM,12700,2006
Niebieski,160884km,Opel,Astra,125KM,7900,2002
Niebieski,157000km,Peugeot,207CC,150KM,16900,2009
Niebieski,244000km,MercedesBenz,SLK,163KM,17190,2003
Szary,34000km,AstonMartin,DB9,455KM,479900,2007
Czarny,66000km,Porsche,Boxster,220KM,76500,2000
Żółty,195132km,Renault,Megane,110KM,7900,2005
Srebrny,20386km,MercedesBenz,SL,307KM,150000,2000
Czarny,170000km,Opel,Tigra,70KM,7400,2007
Niebieski,78200km,Mazda,MX5,126KM,33000,2007
Niebieski,187000km,Audi,A4,163KM,16900,2004
Srebrny,179000km,Peugeot,307,138KM,13990,2004
Srebrny,169000km,Audi,A4,143KM,25500,2007
Szary,91000km,Porsche,Boxster,204KM,85900,1998
Srebrny,195061km,Opel,Tigra,125KM,11900,2005
Złoty,169432km,Peugeot,207CC,120KM,14900,2007
Srebrny,195000km,BMW,Seria3,231KM,38900,2004
Biały,112000km,Volkswagen,Beetle,211KM,54900,2014
Czarny,176500km,Audi,A4,140KM,25900,2008
Czerwony,174000km,BMW,M3,344KM,119000,2001
Szary,8500km,Porsche,718Boxster,300KM,359900,2020
Biały,141000km,Audi,A3,140KM,27999,2008
Niebieski,185200km,MercedesBenz,CLK,163KM,25999,2004
Srebrny,163000km,BMW,Seria3,192KM,45000,2005
Czarny,199700km,Chrysler,Sebring,141KM,8500,2001
Niebieski,57000km,Maserati,GranCabrio,440KM,250000,2010
Niebieski,132800km,Opel,Tigra,106KM,11000,2005
Biały,240000km,BMW,Seria3,129KM,37900,1988
Czarny,18000km,Fiat,500,69KM,29990,2019
Biały,164000km,BMW,Seria3,170KM,46000,1988
Czarny,239000km,Opel,Astra,150KM,16500,2006
Niebieski,200000km,Saab,93,150KM,36900,2007
Czarny,216000km,Audi,A4,163KM,15900,2004
Biały,141512km,BMW,Seria3,306KM,35000,2011
Czarny,221118km,Audi,A4,180KM,13900,2008
Niebieski,35312km,Porsche,911,385KM,109000,2011
Szary,214000km,Peugeot,308CC,112KM,29900,2010
Szary,132000km,Peugeot,207CC,120KM,15800,2007
Biały,35900km,MercedesBenz,KlasaC,184KM,190000,2017
Czarny,69500km,Audi,A3,220KM,79000,2016
Niebieski,,Audi,A4,163KM,25999,2005
Biały,109768km,BMW,Seria3,193KM,52000,1997
Srebrny,133590km,Mitsubishi,Colt,109KM,12900,2006
Czarny,178000km,Peugeot,308CC,156KM,28700,2010
Czerwony,152539km,MercedesBenz,SL,306KM,88900,2005
Niebieski,2350km,Cadillac,Deville,375KM,56800,1969
Biały,5500km,Audi,A5,245KM,159000,2019
Czerwony,62800km,Opel,GT,264KM,90000,2007
Czerwony,197500km,Renault,Megane,111KM,13800,2006
Czarny,173000km,Audi,A4,170KM,22900,2004
Biały,120000km,MercedesBenz,KlasaE,184KM,9000,2014
Czerwony,51000km,Smart,Fortwo,54KM,14900,2001
Czarny,210876km,Renault,Megane,165KM,11900,2006
Czarny,118244km,Jaguar,XJS,226KM,76500,1994
Czarny,160000km,BMW,M3,343KM,84900,2003
Srebrny,184000km,MercedesBenz,SLK,183KM,65000,2011
Biały,84160km,Jaguar,XK,385KM,75000,2015
Czarny,320000km,MercedesBenz,280,166KM,8300,1983
Biały,38000km,Fiat,500,145KM,55900,2018
Niebieski,152240km,Renault,Megane,147KM,5499,1998
Czarny,50000km,MercedesBenz,SL,435KM,269900,2012
Czarny,110000km,Ford,Mustang,421KM,62000,2016
Biały,143000km,Renault,Wind,102KM,22500,2011
Szary,60949km,Mazda,MX5,160KM,119999,2016
Biały,88000km,Ford,Mustang,421KM,63000,2016
Czarny,257000km,Ford,Focus,120KM,12900,2008
Czarny,72000km,Chevrolet,Corvette,304KM,25000,1994
Złoty,73000km,BMW,Seria4,245KM,104900,2014
Innykolor,157944km,BMW,Seria3,245KM,79999,2012
Bordowy,35428km,MercedesBenz,SL,315KM,184900,2008
Czarny,149500km,Saab,93,150KM,24500,2005
Biały,7867km,MercedesBenz,KlasaC,184KM,222222,2020
Srebrny,119971km,Peugeot,308CC,115KM,29900,2014
Niebieski,247700km,MercedesBenz,KlasaE,136KM,79900,1994
Innykolor,158500km,Audi,A3,160KM,41400,2008
Niebieski,220000km,Volkswagen,Eos,140KM,20900,2007
Innykolor,220000km,Volkswagen,Golf,98KM,23900,1993
Czarny,234000km,Honda,CRX,125KM,14000,1993
Niebieski,195000km,BMW,Seria3,170KM,29900,2002
Biały,7750km,Porsche,911,450KM,695000,2020
Czarny,190344km,MercedesBenz,SLK,163KM,33900,2005
Żółty,30590km,MercedesBenz,AMGGT,557KM,750300,2017
Czarny,158500km,Peugeot,207CC,120KM,8500,2007
Beżowy,68000km,MercedesBenz,SL,306KM,76900,2003
Niebieski,221000km,Ford,Focus,136KM,17500,2007
Czarny,170000km,MercedesBenz,SLK,163KM,39600,2006
Srebrny,191400km,MercedesBenz,CLK,136KM,29900,1999
Czerwony,22360km,AlfaRomeo,Spider,185KM,109900,2007
Srebrny,125000km,Opel,Tigra,90KM,11900,2006
Czarny,92138km,Ford,Mustang,450KM,216000,2019
Czarny,219021km,BMW,Seria3,231KM,28600,2000
Niebieski,219000km,Volkswagen,Golf,98KM,15900,1986
Czarny,127000km,Volvo,C70,140KM,24500,2007
Czarny,179613km,BMW,Seria3,231KM,41900,2002
Czarny,240000km,BMW,Seria3,218KM,38900,2008
Srebrny,160000km,BMW,Seria1,143KM,24900,2008
Szary,87700km,Mazda,MX5,126KM,28800,2007
Szary,38000km,Mazda,MX5,126KM,69900,2011
Biały,16882km,Chevrolet,Camaro,335KM,209000,2019
Bordowy,202350km,Nissan,300ZX,230KM,39000,1994
Innykolor,999999km,Porsche,356,60KM,212000,1959
Czarny,218000km,Peugeot,307CC,109KM,15600,2006
Czarny,120000km,Ford,Focus,145KM,24890,2010
Biały,99999km,Porsche,914,95KM,98000,1974
Srebrny,70000km,BMW,Seria4,245KM,119000,2014
Czarny,225000km,BMW,Seria3,177KM,39800,2009
Szary,209000km,Opel,Astra,140KM,16900,2008
Czarny,223000km,Audi,A3,160KM,24800,2009
Biały,108074km,MercedesBenz,SL,245KM,85900,2005
Czarny,7800km,Audi,R8,540KM,829020,2021
Niebieski,14300km,Porsche,911,300KM,229900,1999
Niebieski,206000km,Volkswagen,NewBeetle,115KM,12900,2003
Niebieski,281000km,BMW,Seria3,170KM,30900,2004
Czarny,156557km,Peugeot,207CC,150KM,14950,2007
Biały,56000km,BMW,Seria4,251KM,152900,2016
Srebrny,220500km,MercedesBenz,CLK,218KM,23500,2000
Biały,49000km,Mazda,MX5,160KM,66000,2014
Biały,66000km,Audi,TT,245KM,125000,2017
Niebieski,50000km,Opel,Cascada,200KM,76500,2017
Czarny,180000km,Opel,Astra,140KM,19900,2007
Czarny,107500km,Porsche,Boxster,315KM,248999,2013
Niebieski,82000km,BMW,Z4,184KM,109000,2012
Czerwony,26000km,Fiat,124Spider,90KM,95000,1979
Srebrny,196000km,BMW,Seria3,192KM,18900,2002
Srebrny,215000km,Citroën,C3,73KM,9900,2009
Czarny,220000km,BMW,Seria3,113KM,38900,1992
Czarny,224000km,Audi,A5,240KM,44900,2010
Czerwony,119500km,Volvo,C70,136KM,44900,2008
Czarny,73800km,Volkswagen,Golf,105KM,34500,2011
Czarny,172000km,MercedesBenz,SLK,163KM,36900,2005
Czerwony,1km,Mazda,MX5,184KM,170700,2021
Szary,203677km,Peugeot,307CC,138KM,11700,2005
Szary,110000km,BMW,Seria3,231KM,39500,2006
Srebrny,88857km,MercedesBenz,SL,306KM,24000,2004
Szary,66000km,Fiat,124Spider,140KM,48000,2016
Srebrny,198752km,MercedesBenz,KlasaE,204KM,59900,2010
Złoty,273293km,Renault,Megane,136KM,8500,2004
Innykolor,229456km,BMW,Seria3,170KM,33700,2003
Czarny,13298km,MercedesBenz,SL,326KM,299000,1992
Czarny,123500km,MercedesBenz,SLK,163KM,13000,2004
Czarny,220000km,Volkswagen,Eos,140KM,22900,2008
Innykolor,49155km,MercedesBenz,SL,320KM,155000,1997
Biały,69000km,MercedesBenz,SLK,309KM,99000,2013
Niebieski,132500km,Opel,Astra,125KM,20900,2004
Czarny,266345km,MINI,Cooper,115KM,20999,2005
Biały,155000km,BMW,Seria6,319KM,117000,2011
Czarny,5km,Ford,Inny,16KM,149900,1915
Innykolor,89000km,MercedesBenz,SLK,306KM,69000,2012
Biały,98000km,MercedesBenz,SL,500KM,179900,2004
Srebrny,179000km,Audi,A4,140KM,13900,2007
Srebrny,129000km,Mitsubishi,Colt,109KM,12999,2009
Czerwony,48800km,MercedesBenz,KlasaE,435KM,499900,2019
Niebieski,9581km,Lexus,LC,464KM,529900,2020
Biały,21km,Maybach,Inny,630KM,340000,2017
Srebrny,199426km,Peugeot,307CC,138KM,11000,2003
Srebrny,300000km,BMW,Seria3,143KM,24900,2005
Czerwony,244000km,Audi,TT,200KM,45500,2008
Czarny,105800km,Porsche,Boxster,245KM,98000,2006
Biały,91921km,MercedesBenz,SL,245KM,85900,2005
Niebieski,158000km,Peugeot,206CC,138KM,7900,2001
Czerwony,168000km,Mazda,MX5,110KM,19700,2000
Niebieski,228000km,Audi,Cabriolet,133KM,9225,1993
Szary,220000km,BMW,Seria3,143KM,32900,2004
Srebrny,40148km,MercedesBenz,SL,306KM,129900,2002
Srebrny,100000km,Audi,A4,200KM,9000,2008
Czerwony,48800km,MercedesBenz,KlasaE,435KM,499900,2019
Czarny,217000km,Volvo,C70,136KM,41000,2010
Srebrny,255000km,MercedesBenz,SLK,272KM,49999,2005
Złoty,91743km,Smart,Roadster,82KM,22900,2004
Srebrny,166000km,Audi,TT,180KM,16600,2003
Czarny,181000km,Mazda,MX5,110KM,19900,2004
Biały,100800km,MercedesBenz,SL,306KM,99000,2002
Srebrny,266000km,Volvo,C70,163KM,24900,2001
Bordowy,122640km,MercedesBenz,SL,326KM,85000,1989
Czarny,170000km,Audi,TT,180KM,21900,2001
Srebrny,148000km,MercedesBenz,SL,272KM,96000,2006
Czerwony,137000km,Fiat,Barchetta,130KM,15900,1995
Srebrny,196000km,MercedesBenz,SL,387KM,74900,2008
Czarny,228000km,Volkswagen,Golf,75KM,8500,1999
Czarny,197000km,MINI,Cooper,115KM,23000,2008
Niebieski,137000km,MercedesBenz,SLK,163KM,33500,2005
Czarny,214000km,BMW,Z3,170KM,49999,2001
Niebieski,273130km,Audi,Cabriolet,116KM,10650,1996
Szary,22259km,Audi,S5,354KM,187000,2017
Biały,29900km,Mazda,MX5,160KM,89000,2017
Srebrny,158000km,Opel,Tigra,90KM,11990,2009
Srebrny,256000km,Opel,Astra,150KM,15000,2007
Innykolor,165000km,Chrysler,Sebring,203KM,11999,2006
Srebrny,100km,MercedesBenz,Inny,200KM,58500,1969
Żółty,145650km,Ford,Mustang,421KM,119999,2016
Niebieski,99600km,Lexus,SC,285KM,65000,2006
Czarny,95000km,MINI,CooperS,174KM,39900,2009
Czerwony,65000km,Maserati,Biturbo,188KM,55900,1987
Bordowy,181000km,BMW,Z4,231KM,57900,2005
Biały,222222km,BMW,Seria3,204KM,59999,2012
Szary,217000km,BMW,Seria6,408KM,135000,2011
Czarny,10100km,Porsche,911,450KM,946000,2021
Srebrny,305134km,MercedesBenz,SL,179KM,65900,1980
Szary,207748km,Peugeot,207,120KM,14900,2007
Czarny,137873km,BMW,Seria3,170KM,32900,2011
Niebieski,210000km,Audi,A4,163KM,14999,2004
Innykolor,282233km,Opel,Astra,150KM,15600,2008
Czarny,176096km,Volkswagen,Golf,122KM,32900,2012
Czarny,11200km,Porsche,718Spyder,420KM,599718,2021
Srebrny,228325km,MercedesBenz,CLK,224KM,37900,2007
Niebieski,204350km,Mazda,MX5,110KM,22900,1999
Czarny,86000km,BMW,Seria3,306KM,55000,2008
Czarny,35000km,BMW,Seria4,313KM,169900,2018
Srebrny,308000km,Peugeot,206CC,110KM,7500,2004
Biały,68000km,MercedesBenz,280,170KM,99000,1969
Biały,13500km,MercedesBenz,KlasaE,435KM,559900,2021
Biały,1km,MercedesBenz,280,170KM,169000,1969
Szary,15km,MercedesBenz,Inny,105KM,159000,1961
Bordowy,179000km,Volkswagen,Golf,105KM,38900,2012
Złoty,166000km,Renault,Megane,112KM,12900,2007
Czarny,233000km,Volvo,C70,140KM,31900,2007
Czarny,77768km,MercedesBenz,SL,517KM,151000,2006
Czarny,141000km,Peugeot,207CC,120KM,17900,2008
Czarny,500km,BMW,Z4,197KM,249900,2021
Innykolor,76200km,Mazda,MX5,126KM,47900,2012
Czarny,96000km,MercedesBenz,KlasaE,258KM,148500,2016
Biały,97300km,MercedesBenz,SL,231KM,67500,1997
Szary,10km,Ford,Mustang,450KM,312500,2022
Niebieski,81725km,Volkswagen,Eos,122KM,46999,2014
Szary,46000km,Fiat,500,69KM,34900,2015
Biały,204910km,BMW,Seria3,231KM,42000,2007
Innykolor,74000km,Mazda,MX5,110KM,25900,2002
Czarny,170000km,Jaguar,XJS,230KM,99900,1996
Szary,64000km,Ford,Mustang,305KM,26900,2014
Srebrny,199000km,Volvo,C70,136KM,29500,2008
Czerwony,50600km,Ferrari,California,560KM,599000,2015
Czarny,246000km,BMW,Seria3,231KM,42000,2007
Czarny,311000km,Renault,Megane,115KM,7500,2004
Srebrny,134560km,Audi,A3,105KM,46700,2011
Czarny,175500km,MercedesBenz,SL,394KM,125000,1992
Czerwony,210000km,Opel,Astra,140KM,23800,2010
Zielony,25628km,Citroën,2CV,40KM,72950,1969
Niebieski,216486km,Volkswagen,Golf,75KM,8500,1999
Biały,105340km,Chrysler,LeBaron,143KM,10900,1992
Biały,7500km,MercedesBenz,SLC,184KM,174900,2018
Czarny,177964km,MercedesBenz,SL,326KM,34900,1991
Szary,217000km,Volkswagen,Golf,105KM,27500,2012
Czarny,100000km,Volvo,C70,240KM,12000,2003
Biały,98000km,Fiat,500,69KM,26900,2010
Niebieski,153500km,Peugeot,307CC,138KM,11900,2004
Szary,39000km,Chevrolet,Camaro,453KM,159900,2017
Innykolor,200299km,Peugeot,207CC,109KM,15999,2009
Innykolor,168000km,Volkswagen,NewBeetle,115KM,16400,2004
Czarny,173000km,Porsche,911,345KM,199999,2003
Zielony,154000km,Porsche,911,300KM,31000,1999
Czarny,77000km,BMW,Seria3,170KM,79900,2011
Czerwony,23000km,BMW,Z4,258KM,246900,2019
Niebieski,180000km,Opel,Tigra,90KM,5900,2007
Niebieski,209150km,Volvo,C70,136KM,24800,2009
Czerwony,60000km,Ferrari,458Italia,570KM,998000,2012
Szary,184772km,MercedesBenz,SL,306KM,18900,2003
Złoty,141000km,MercedesBenz,SL,320KM,55000,1998
Zielony,248000km,Volkswagen,Golf,90KM,6500,1994
Szary,10000km,BMW,Seria8,340KM,479900,2020
Niebieski,210000km,Audi,A4,163KM,19900,2004
Złoty,297000km,Peugeot,306,121KM,3990,1994
Zielony,1km,BMW,Seria4,258KM,304300,2022
Niebieski,118210km,MINI,CooperS,170KM,29900,2005
Czarny,187000km,Chrysler,Sebring,186KM,25900,2008
Czarny,245000km,Audi,A4,220KM,24900,2004
Srebrny,286050km,MercedesBenz,CLK,218KM,26900,2001
Srebrny,250000km,BMW,Seria3,192KM,23500,2002
Czarny,248000km,MercedesBenz,CLK,218KM,29999,2005
Bordowy,54999km,MercedesBenz,Inny,177KM,62500,1969
Srebrny,183000km,Chrysler,PTCruiser,143KM,13900,2004
Czarny,54600km,MercedesBenz,Inny,105KM,74500,1959
Biały,205000km,Nissan,350Z,280KM,48000,2005
Innykolor,198000km,MercedesBenz,SLK,136KM,18900,1999
Niebieski,133000km,BMW,Z3,192KM,33300,2001
Czerwony,137000km,Ford,Mustang,421KM,112000,2016
Niebieski,23400km,Ford,Mustang,289KM,147000,2019
Czarny,160000km,Opel,Tigra,90KM,8600,2004
Czarny,310000km,BMW,Seria3,170KM,69900,1991
Czerwony,7000km,Fiat,X1,1KM,45000,1976
Biały,16400km,MercedesBenz,KlasaC,156KM,188190,2020
Srebrny,178000km,Peugeot,206CC,110KM,6400,2004
Czarny,198800km,MercedesBenz,KlasaE,306KM,64444,2012
Szary,186000km,Peugeot,207CC,120KM,17900,2011
Biały,10700km,Mazda,MX5,184KM,149999,2019
Biały,200000km,Volkswagen,Golf,80KM,34000,1983
Czarny,91000km,Opel,Tigra,90KM,10950,2006
Czarny,159000km,MercedesBenz,SL,320KM,64900,1998
Czerwony,128296km,MercedesBenz,SL,200KM,29000,1975
Innykolor,158000km,MercedesBenz,SLK,163KM,51000,2007
Srebrny,182979km,MercedesBenz,SL,200KM,32000,1972
Czerwony,161900km,Honda,S2000,240KM,119000,1999
Biały,10575km,MercedesBenz,KlasaE,197KM,289900,2020
Srebrny,177500km,MercedesBenz,SL,306KM,69900,2006
Biały,999999km,Volvo,XC60,304KM,12298,2016
Czarny,245000km,Peugeot,307CC,143KM,17900,2005
Czarny,55100km,BMW,Seria4,252KM,189900,2019
Szary,28700km,Audi,A5,252KM,165000,2018
Czarny,2400km,Porsche,911,450KM,806880,2021
Srebrny,115121km,Lexus,SC,286KM,53950,2005
Biały,36000km,MercedesBenz,SLK,422KM,195000,2013
Biały,10699km,Mazda,MX5,184KM,149999,2019
Zielony,150000km,BMW,Z3,140KM,37500,1996
Innykolor,153000km,Ford,Mustang,305KM,62950,2016
Srebrny,,Peugeot,207CC,120KM,18500,2010
Czarny,230000km,Audi,A4,140KM,26900,2007
Niebieski,33600km,Maserati,GranCabrio,460KM,399900,2015
Szary,181000km,Peugeot,207CC,122KM,14900,2008
Biały,171000km,MercedesBenz,KlasaE,265KM,43900,2010
Szary,163000km,Peugeot,207CC,120KM,15000,2008
Złoty,140264km,Peugeot,307,138KM,15900,2004
Szary,194000km,MercedesBenz,SL,231KM,54999,1991
Brązowy,180000km,MercedesBenz,SL,326KM,62900,1991
Czarny,220000km,Renault,Megane,130KM,13700,2012
Niebieski,94000km,Opel,Tigra,125KM,14999,2005
Biały,72000km,BMW,Seria6,320KM,129999,2016
Czarny,200000km,MercedesBenz,CLK,170KM,15800,2004
Innykolor,166000km,Peugeot,308CC,140KM,26500,2010
Srebrny,240000km,Volkswagen,Eos,116KM,17800,2007
Czerwony,14414km,Ferrari,Portofino,600KM,1210000,2018
Srebrny,287000km,MercedesBenz,W12419841993,220KM,95000,1992
Biały,138000km,MercedesBenz,KlasaE,306KM,73500,2011
Srebrny,127000km,Volkswagen,Eos,140KM,19500,2006
Niebieski,164273km,BMW,Seria1,143KM,29900,2008
Szary,231000km,Volkswagen,Eos,150KM,21900,2006
Czarny,196000km,Opel,Astra,140KM,18900,2009
Szary,131000km,Fiat,500,69KM,25800,2011
Zielony,10km,Morgan,Inny,255KM,435420,2021
Czarny,115000km,MercedesBenz,SL,320KM,31500,1994
Innykolor,15000km,MercedesBenz,SLK,184KM,5000,2013
Czarny,256600km,Škoda,Felicia,75KM,49900,1998
Czarny,150000km,BMW,Seria6,367KM,69000,2008
Czarny,260000km,Opel,Astra,140KM,16900,2008
Biały,34580km,MercedesBenz,SL,435KM,299900,2012
Szary,31000km,BMW,M4,431KM,235000,2015
Czarny,151000km,Renault,Megane,110KM,9900,2004
Brązowy,100000km,BMW,Z4,204KM,70000,2009
Szary,190465km,BMW,Seria3,192KM,38500,2003
Czarny,128000km,Smart,Inny,61KM,10900,2001
Czarny,88350km,MercedesBenz,SL,306KM,295200,2013
Biały,1km,BMW,Seria4,258KM,309400,2022
Szary,192123km,Volkswagen,Eos,140KM,44900,2012
Biały,115000km,Audi,A5,211KM,72000,2013
Srebrny,93700km,Mazda,MX5,139KM,32900,2001
Czarny,173000km,MercedesBenz,SL,306KM,98000,2005
Biały,170000km,MercedesBenz,SL,320KM,39000,1998
Niebieski,425000km,MercedesBenz,SL,225KM,55000,1978
Srebrny,134200km,Peugeot,206CC,109KM,6900,2003
Innykolor,43000km,Lexus,LC,477KM,589900,2020
Żółty,200000km,Audi,Cabriolet,174KM,27000,1997
Szary,5km,Volkswagen,Taigo,95KM,92500,2022
Czarny,242700km,Volkswagen,Eos,149KM,13500,2006
Niebieski,53000km,Ford,Mustang,421KM,99000,2014
Czarny,124000km,Honda,S2000,240KM,118000,2000
Czarny,247000km,MercedesBenz,SLK,193KM,15900,1997
Niebieski,216700km,MercedesBenz,SLK,136KM,13000,1999
Srebrny,236988km,Peugeot,206CC,110KM,8900,2005
Niebieski,98660km,Opel,Tigra,90KM,9999,2006
Szary,117000km,Ford,Focus,,21500,2007
Niebieski,35312km,Porsche,911,385KM,141900,2011
Szary,141857km,Fiat,500,85KM,25600,2011
Niebieski,168000km,BMW,Seria3,143KM,16500,2002
Szary,198073km,Renault,Megane,136KM,12999,2006
Niebieski,74000km,Porsche,911,420KM,220000,2004
Czarny,168000km,Mazda,MX5,110KM,18400,2004
Innykolor,103000km,Jaguar,FType,381KM,164000,2014
Biały,167000km,Mazda,MX5,116KM,38400,1990
Niebieski,143000km,Peugeot,206CC,138KM,11900,2006
Biały,1km,Lincoln,Continental,344KM,215000,1966
Innykolor,26000km,Porsche,718Boxster,300KM,189000,2016
Biały,101800km,BMW,Seria6,320KM,136600,2013
Biały,68000km,BMW,Seria4,252KM,119000,2018
Czerwony,55000km,MercedesBenz,KlasaE,333KM,119999,2016
Niebieski,190000km,Renault,Megane,110KM,6700,2000
Czarny,168000km,Peugeot,307CC,136KM,7400,2008
Biały,104750km,BMW,Z4M,343KM,139900,2007
Szary,170000km,Peugeot,207CC,120KM,16900,2008
Czarny,250000km,MercedesBenz,SL,326KM,100000,1991
Czarny,235000km,BMW,Z3,231KM,62500,2000
Szary,159450km,Peugeot,207CC,120KM,14850,2008
Biały,100000km,MercedesBenz,SL,525KM,199000,2009
Czerwony,273000km,BMW,M3,321KM,97000,1997
Biały,192827km,Peugeot,207CC,110KM,10500,2009
Czarny,9537km,MercedesBenz,SL,435KM,329900,2012
Biały,196000km,MercedesBenz,SL,306KM,58999,2006
Srebrny,67411km,Peugeot,207CC,120KM,16800,2008
Srebrny,148000km,Volvo,C70,170KM,11900,2006
Srebrny,120080km,BMW,Z4,265KM,69900,2006
Czarny,64000km,Audi,TT,251KM,100125,2004
Czarny,179000km,Saab,93,150KM,19500,2004
Czarny,48000km,Chevrolet,Camaro,453KM,229000,2018
Szary,179981km,BMW,Z4,231KM,52000,2003
Czerwony,255664km,Audi,TT,150KM,19900,2001
Czarny,180000km,BMW,Seria3,170KM,37000,2008
Czarny,165000km,Peugeot,308CC,140KM,25900,2009
Srebrny,165000km,Peugeot,207,120KM,13900,2007
Czarny,147300km,BMW,Seria3,272KM,49500,2008
Szary,174000km,Audi,A4,163KM,19200,2003
Biały,150000km,Porsche,911,204KM,319800,1982
Niebieski,138400km,Ford,Mustang,200KM,349800,1966
Biały,139700km,Chevrolet,Cavalier,97KM,20500,1988
Niebieski,116120km,BMW,Seria3,230KM,24900,2008
Biały,160000km,MercedesBenz,KlasaE,211KM,79900,2014
Czarny,4000km,MercedesBenz,SLK,204KM,110000,2012
Czarny,125000km,MercedesBenz,SLK,184KM,99900,2014
Czarny,110110km,BMW,Z3,231KM,69987,2001
Czarny,307000km,Audi,TT,180KM,15000,2002
Srebrny,213000km,Peugeot,207CC,112KM,19800,2010
Niebieski,226000km,Volkswagen,Golf,115KM,10000,1999
Niebieski,164000km,MercedesBenz,CLK,217KM,3000,2002
Czarny,158000km,Audi,A4,163KM,19500,2007
Czarny,80000km,Chrysler,Sebring,140KM,14900,2009
Czarny,20000km,Chevrolet,Camaro,453KM,251000,2020
Niebieski,70500km,MercedesBenz,SLK,272KM,63000,2006
Czarny,133400km,Opel,Astra,140KM,19999,2007
Czarny,25600km,Fiat,124Spider,140KM,69900,2016
Biały,67000km,Fiat,124Spider,105KM,29999,1980
Biały,167000km,BMW,Seria6,367KM,65666,2008
Srebrny,251000km,Chrysler,Sebring,140KM,19999,2009
Niebieski,146200km,Opel,Astra,140KM,15800,2008
Srebrny,218000km,Peugeot,206CC,110KM,8800,2003
Szary,,Audi,A5,225KM,89900,2014
Srebrny,75000km,MercedesBenz,SL,435KM,245000,2013
Szary,57400km,Fiat,124Spider,140KM,69700,2017
Srebrny,62668km,MercedesBenz,SL,564KM,344999,2012
Srebrny,126500km,BMW,Seria1,306KM,75000,2012
Szary,188000km,Renault,Megane,110KM,12900,2007
Niebieski,190000km,Porsche,Boxster,220KM,69000,2000
Czarny,218221km,BMW,Z3,115KM,19900,1996
Szary,141000km,MINI,CooperS,170KM,29500,2005
Srebrny,149000km,MercedesBenz,SL,326KM,89000,1990
Czarny,145000km,Toyota,MR2,140KM,18900,2000
Niebieski,229000km,Audi,A4,170KM,22400,2003
Czarny,111111km,MG,MGA,93KM,56000,1961
Srebrny,98000km,MercedesBenz,SL,394KM,145000,2001
Szary,162000km,BMW,Z4,192KM,38900,2003
Czarny,123600km,Volkswagen,Eos,122KM,20900,2008
Szary,147398km,Peugeot,308CC,136KM,26000,2010
Czarny,298000km,Peugeot,206,110KM,6500,2003
Srebrny,86440km,Mazda,MX5,110KM,19900,2004
Szary,220000km,Audi,A5,240KM,59000,2011
Czerwony,141000km,Porsche,Boxster,315KM,254000,2014
Szary,25000km,Opel,Cascada,200KM,69900,2016
Czarny,6400km,Porsche,718Boxster,300KM,186000,2017
Niebieski,67500km,MercedesBenz,Inny,177KM,56500,1970
Czarny,75993km,MercedesBenz,Inny,105KM,54500,1959
Czarny,27699km,MercedesBenz,Inny,105KM,62500,1961
Srebrny,250000km,MercedesBenz,SLK,218KM,11999,2000
Innykolor,315000km,Volkswagen,NewBeetle,101KM,13900,2004
Brązowy,34500km,MercedesBenz,Inny,177KM,56500,1970
Srebrny,34500km,MercedesBenz,Inny,105KM,84500,1955
Czarny,220000km,Peugeot,308CC,140KM,26000,2009
Zielony,3700km,MercedesBenz,Inny,177KM,68900,1970
Biały,39000km,MercedesBenz,SL,306KM,99000,2002
Niebieski,,Volvo,C70,136KM,26800,2008
Niebieski,153000km,Toyota,MR2,140KM,29900,2000
Srebrny,213000km,Peugeot,206CC,138KM,9700,2002
Złoty,142000km,Renault,Megane,110KM,12900,2007
Czarny,167873km,Audi,A4,163KM,39900,2006
Szary,38500km,BMW,Seria8,530KM,395000,2019
Czarny,170000km,Volkswagen,Eos,122KM,32900,2010
Niebieski,212000km,Mazda,MX5,110KM,17400,2001
Fioletowy,240000km,BMW,Seria3,115KM,25000,1995
Czarny,98178km,Porsche,Boxster,204KM,69900,1997
Czarny,144300km,Peugeot,207CC,120KM,19999,2009
Srebrny,87000km,MINI,JohnCooperWorks,211KM,64500,2014
Srebrny,117481km,Volkswagen,Beetle,105KM,57997,2013
Innykolor,206000km,BMW,Seria3,170KM,34000,2007
Szary,300000km,BMW,Seria3,170KM,19000,2005
Czerwony,171000km,Peugeot,307CC,136KM,15300,2007
Bordowy,199950km,MercedesBenz,SL,190KM,59900,1992
Szary,320000km,Saab,93,210KM,8500,2004
Srebrny,146000km,Toyota,MR2,140KM,39900,2001
Czarny,9999km,Ford,Inny,100KM,72500,1928
Czarny,40856km,BMW,Seria6,320KM,144900,2011
Biały,99999km,Chevrolet,Corvette,165KM,55000,1975
Czarny,191000km,Audi,A4,233KM,35900,2008
Beżowy,136000km,MercedesBenz,SL,326KM,63000,1991
Czarny,250000km,MercedesBenz,SL,309KM,69900,1998
Czerwony,120000km,Audi,TT,200KM,54900,2007
Czarny,190000km,Volkswagen,Eos,140KM,23700,2009
Czarny,15850km,MercedesBenz,KlasaS,455KM,350550,2017
Czerwony,200800km,Audi,A4,255KM,25000,2006
Niebieski,119620km,MercedesBenz,SLK,192KM,19900,1998
Szary,246000km,Opel,Tigra,90KM,8100,2006
Szary,163000km,Ford,Mustang,305KM,64900,2014
Niebieski,88000km,BMW,Z4M,343KM,129000,2006
Szary,216000km,Volkswagen,Eos,140KM,17500,2006
Szary,98000km,BMW,Seria6,367KM,77700,2007
Beżowy,54000km,MercedesBenz,SL,306KM,77000,2005
Biały,67000km,Fiat,124Spider,170KM,87000,2017
Srebrny,167000km,Audi,A4,163KM,24900,2006
Srebrny,199000km,Volkswagen,Eos,122KM,22900,2009
Czarny,181000km,Opel,Astra,105KM,16900,2006
Czerwony,186000km,Chrysler,LeBaron,101KM,15500,1988
Czarny,107700km,MercedesBenz,SLK,163KM,50000,2005
Beżowy,40000km,Fiat,500,69KM,31900,2013
Złoty,92000km,MINI,Cooper,122KM,44900,2012
Czarny,90000km,BMW,M3,344KM,149569,2002
Srebrny,104800km,Opel,GT,264KM,49000,2007
Czarny,175000km,BMW,Seria3,143KM,21000,2003
Innykolor,267000km,Jaguar,XK8,284KM,49500,1997
Zielony,148000km,Mazda,MX5,146KM,29700,2005
Czarny,77000km,Opel,Astra,115KM,31750,2011
Innykolor,90000km,MercedesBenz,SL,394KM,108000,1993
Innykolor,194500km,Renault,Megane,110KM,24900,2011
Biały,67000km,Audi,A5,170KM,89790,2015
Zielony,165000km,Volvo,C70,230KM,51000,2012
Zielony,235000km,Audi,80,90KM,19800,1995
Czarny,250000km,BMW,Seria3,113KM,50000,1992
Czarny,180000km,Volkswagen,Eos,160KM,40000,2011
Biały,28844km,Cadillac,Eldorado,250KM,21900,1974
Niebieski,300000km,Saab,900,150KM,5000,1994
Czarny,206400km,Peugeot,207CC,120KM,14300,2007
Srebrny,186000km,Peugeot,206CC,110KM,10499,2005
Srebrny,111000km,Porsche,911,420KM,249000,2003
Innykolor,225000km,Volvo,C70,170KM,34900,2006
Czarny,190400km,Saab,900,185KM,8900,1996
Beżowy,189866km,MINI,Cooper,115KM,31900,2007
Brązowy,119300km,Volkswagen,Eos,140KM,31900,2009
Srebrny,79000km,MercedesBenz,SL,223KM,189000,1982
Srebrny,240000km,BMW,M3,343KM,105000,2005
Biały,178000km,BMW,Seria3,170KM,115000,1988
Czarny,159000km,Renault,Megane,130KM,24990,2010
Czerwony,70450km,Renault,Wind,102KM,28900,2012
Biały,49800km,BMW,Seria2,183KM,129900,2017
Szary,43000km,MercedesBenz,SLC,156KM,119900,2016
Czerwony,162000km,Volkswagen,Beetle,101KM,12500,2003
Biały,31000km,MercedesBenz,Inny,72KM,109500,2009
Srebrny,193000km,Audi,S5,333KM,78000,2012
Czerwony,5450km,BMW,Z4,197KM,249900,2021
Czarny,120000km,Audi,TT,160KM,52900,2012
Biały,146254km,BMW,Seria6,320KM,119900,2011
Złoty,96999km,Cadillac,Eldorado,150KM,19999,1972
Czarny,188000km,Saab,93,150KM,39500,2009
Czarny,137500km,MercedesBenz,CLK,218KM,36600,2004
Niebieski,300000km,MercedesBenz,SL,245KM,47000,2003
Czerwony,120000km,Audi,80,174KM,29900,1997
Srebrny,11900km,Porsche,911,450KM,1019992,2021
Czarny,125000km,BMW,Z3,115KM,33500,1996
Czarny,209000km,BMW,Seria3,170KM,26900,2001
Czarny,135000km,BMW,Seria3,143KM,31900,2004
Biały,62000km,MercedesBenz,SL,204KM,42000,1982
Innykolor,205000km,Peugeot,3008,115KM,16400,2013
Czarny,100000km,BMW,Seria4,245KM,97990,2014
Czerwony,89491km,Chevrolet,Camaro,453KM,120000,2015
Szary,180000km,Opel,Astra,150KM,17900,2007
Niebieski,177000km,BMW,Z3,140KM,39900,1997
Niebieski,17640km,Ford,Mustang,421KM,179000,2017
Innykolor,181000km,Opel,Tigra,90KM,11685,2006
Złoty,175000km,Opel,Cascada,140KM,37900,2013
Niebieski,6525km,Lamborghini,Huracan,640KM,1696170,2020
Biały,236700km,BMW,M3,343KM,107700,2004
Czarny,1km,Ford,Inny,20KM,99900,1925
Srebrny,194000km,Peugeot,307CC,138KM,12900,2004
Czarny,171000km,Renault,Megane,120KM,11100,2005
Zielony,78352km,Daihatsu,Copen,68KM,12900,2004
Srebrny,99000km,Opel,Tigra,90KM,10900,2004
Szary,102121km,MINI,Cooper,211KM,44999,2012
Biały,46287km,BMW,Seria8,340KM,459900,2021
Zielony,79000km,Jaguar,XJS,295KM,78000,1989
Czarny,195000km,MercedesBenz,SL,231KM,32900,1992
Czerwony,55000km,Audi,A5,177KM,73000,2016
Srebrny,171000km,BMW,Seria3,143KM,27400,2006
Złoty,2km,Fiat,Inny,118KM,163500,2022
Czarny,216295km,MercedesBenz,SLK,163KM,32500,2004
Niebieski,164772km,Jaguar,XK,385KM,88850,2010
Srebrny,1000km,McLaren,720SSpider,720KM,2300000,2020
Czarny,161324km,Opel,Tigra,90KM,8800,2005
Niebieski,170000km,Mitsubishi,Colt,109KM,11800,2006
Czarny,300000km,MercedesBenz,SL,200KM,79000,1985
Srebrny,76612km,Mazda,MX5,160KM,37000,2012
Szary,161000km,Lancia,Fulvia,180KM,43050,2013
Szary,185000km,Peugeot,307CC,180KM,9499,2004
Beżowy,228000km,Renault,Megane,163KM,13900,2006
Złoty,60850km,Chrysler,Prowler,253KM,149000,2002
Niebieski,191000km,Opel,Tigra,125KM,11900,2005
Fioletowy,141800km,Renault,19,90KM,9900,1992
Czarny,121000km,Renault,Megane,136KM,9900,2004
Srebrny,228900km,Opel,Tigra,125KM,8300,2005
Srebrny,148000km,Peugeot,307,138KM,12999,2004
Czarny,195000km,BMW,Z4,150KM,32500,2006
Niebieski,176000km,MercedesBenz,SL,231KM,52500,1996
Biały,4295km,McLaren,altul,675KM,1499000,2016
Czerwony,247600km,Fiat,500,85KM,16000,2011
Srebrny,202000km,MercedesBenz,SLK,360KM,49900,2009
Czarny,138000km,Saab,93,150KM,18950,2004
Czarny,162374km,BMW,Seria3,143KM,29800,2004
Czerwony,1km,Inny,Inny,150KM,130000,1965
Czarny,151674km,Chrysler,PTCruiser,143KM,9500,2005
Czerwony,5390km,Mazda,MX5,184KM,139999,2021
Czarny,224000km,MercedesBenz,SLK,163KM,22000,2002
Innykolor,105147km,BMW,Seria4,163KM,73900,2014
Czerwony,300000km,Mazda,MX5,116KM,24999,1992
Fioletowy,123585km,Opel,Kadett,75KM,9999,1993
Szary,109000km,BMW,Z4M,340KM,129700,2011
Czarny,161686km,BMW,Z4,204KM,68900,2009
Czarny,163000km,BMW,Z4,204KM,99000,2010
Srebrny,85000km,Lexus,SC,285KM,26500,2006
Złoty,,MercedesBenz,SL,306KM,84500,2003
Czarny,111000km,Peugeot,308CC,140KM,26900,2009
Niebieski,198000km,Citroën,C3Pluriel,68KM,4500,2005
Czerwony,232300km,MercedesBenz,SLK,136KM,14000,1999
Niebieski,222585km,MercedesBenz,SLK,193KM,16900,1998
Innykolor,200000km,BMW,Seria3,306KM,55900,2009
Srebrny,242063km,MercedesBenz,SLK,163KM,13700,2000
Biały,170258km,Volkswagen,Golf,75KM,26900,1987
Srebrny,229525km,Volkswagen,NewBeetle,75KM,11300,2004
Czarny,250000km,Volkswagen,Golf,90KM,7900,1997
Czarny,265800km,MercedesBenz,SLK,163KM,22900,2003
Czarny,139943km,MercedesBenz,SL,306KM,88000,2002
Czarny,187900km,Opel,Tigra,90KM,11400,2005
Czarny,115899km,MercedesBenz,SL,307KM,97900,1999
Srebrny,245500km,Peugeot,207CC,120KM,8600,2009
Zielony,195000km,Audi,80,150KM,34000,1997
Niebieski,129313km,Opel,Tigra,90KM,4999,1998
Srebrny,255384km,Peugeot,206,110KM,3600,2002
Zielony,12345km,Triumph,TR6,143KM,26000,1972
Szary,133000km,Opel,Astra,115KM,11300,2008
Czarny,88000km,BMW,M3,343KM,122568,2001
Czarny,36950km,MercedesBenz,SL,500KM,236000,2005
Czarny,124000km,MercedesBenz,SL,306KM,95000,2003
Srebrny,187000km,MINI,Cooper,120KM,20995,2009
Czarny,181000km,MercedesBenz,SLK,306KM,84999,2011
Niebieski,26000km,BMW,M4,450KM,389000,2020
Biały,100519km,MercedesBenz,SL,150KM,156000,1967
Szary,119898km,Audi,A5,211KM,54700,2013
Brązowy,147479km,Peugeot,308CC,136KM,28000,2009
Czarny,169000km,Volkswagen,Golf,75KM,8990,1996
Czarny,144000km,MercedesBenz,SL,410KM,72900,2007
Zielony,200000km,Volkswagen,Golf,75KM,6900,1998
Srebrny,185000km,Renault,Megane,111KM,10700,2005
Czarny,125000km,MercedesBenz,SL,388KM,135000,2008
Zielony,126155km,Volvo,C70,140KM,25900,2006
Czarny,268203km,MercedesBenz,SL,245KM,68700,2003
Czarny,248000km,BMW,Seria3,231KM,52900,2003
Szary,4300km,BMW,Seria2,252KM,144700,2019
Srebrny,14500km,MercedesBenz,KlasaE,265KM,95000,2012
Czarny,177000km,Peugeot,307CC,138KM,9999,2005
Czarny,177000km,BMW,Seria3,143KM,27900,2004
Biały,73950km,MercedesBenz,KlasaE,408KM,218999,2016
Biały,77609km,MercedesBenz,SL,306KM,129900,2004
Czarny,34760km,MG,TF,57KM,149900,1954
Bordowy,111610km,MercedesBenz,SL,307KM,82800,1999
Czarny,182000km,Peugeot,207CC,120KM,17900,2009
Złoty,156000km,Ford,Focus,100KM,18900,2009
Biały,22500km,MercedesBenz,KlasaC,510KM,289000,2017
Czarny,159000km,BMW,Seria6,333KM,59901,2004
Innykolor,222903km,Volkswagen,Eos,140KM,15400,2007
Czarny,72000km,Mazda,MX5,126KM,26900,2009
Czarny,259000km,MercedesBenz,SLK,163KM,15900,2000
Czarny,191693km,MercedesBenz,SLK,193KM,18999,1998
Niebieski,107396km,MINI,Cooper,115KM,22900,2006
Bordowy,1km,Ford,Inny,22KM,119900,1926
Niebieski,186400km,Volkswagen,NewBeetle,102KM,15500,2003
Czarny,159000km,Opel,Astra,115KM,21300,2009
Czarny,179900km,Saab,93,130KM,12700,1998
Innykolor,217000km,Opel,Tigra,125KM,6900,2005
Srebrny,200000km,MercedesBenz,SLK,163KM,19900,2001
Zielony,23000km,Triumph,Spitfire,69KM,32000,1978
Niebieski,200000km,Honda,S2000,240KM,89900,2007
Biały,46200km,AlfaRomeo,4C,240KM,297660,2016
Czerwony,158000km,Suzuki,Jimny,86KM,33500,2006
Szary,107430km,MercedesBenz,KlasaE,306KM,99909,2013
Czerwony,167000km,Renault,Megane,115KM,8900,2004
Czarny,177100km,Peugeot,308CC,112KM,29500,2009
Srebrny,231220km,Ford,Mustang,300KM,52500,2005
Czarny,184137km,BMW,Seria3,192KM,38500,2002
Niebieski,200000km,MercedesBenz,SLC,231KM,88000,1986
Czarny,127854km,Opel,Tigra,125KM,8999,2006
Biały,20000km,BMW,Seria8,530KM,430000,2019
Srebrny,167000km,BMW,Seria3,193KM,43000,1995
Czarny,250000km,MercedesBenz,CLK,183KM,39900,2007
Srebrny,191000km,Audi,80,125KM,28900,2000
Niebieski,5km,Fiat,Inny,118KM,179900,2022
Niebieski,240000km,Volkswagen,Golf,100KM,5900,1999
Czarny,184753km,Ford,Streetka,95KM,7500,2005
Złoty,139500km,Chevrolet,Camaro,193KM,39000,2000
Srebrny,166000km,BMW,Z4,231KM,19500,2004
Czarny,140000km,MercedesBenz,SL,320KM,52800,1998
Czarny,245000km,Audi,Cabriolet,125KM,30000,2000
Czarny,246107km,Renault,Megane,112KM,10699,2008
Innykolor,85000km,Porsche,Boxster,204KM,55000,1999
Czarny,134200km,Porsche,Boxster,255KM,122000,2009
Niebieski,183107km,Renault,Megane,165KM,10500,2005
Biały,12000km,BMW,Seria6,320KM,199900,2018
Srebrny,171253km,Toyota,MR2,140KM,26900,2001
Czarny,141000km,Renault,Megane,110KM,28999,2012
Czarny,220000km,Renault,Megane,135KM,12500,2007
Innykolor,231000km,Porsche,Boxster,220KM,41000,2000
Czarny,252000km,Volkswagen,NewBeetle,100KM,13900,2004
Szary,213000km,Renault,Megane,130KM,11900,2006
Czarny,323000km,BMW,Seria3,231KM,50900,2004
Czarny,115000km,Nissan,350Z,300KM,39900,2007
Biały,65210km,Renault,Wind,133KM,14900,2012
Innykolor,144437km,BMW,Z4,204KM,58000,2009
Niebieski,152000km,Peugeot,206CC,138KM,11990,2004
Niebieski,260000km,BMW,Seria1,197KM,34900,2008
Czarny,162328km,Smart,Fortwo,98KM,33500,2007
Niebieski,278176km,MercedesBenz,CLK,217KM,19900,1998
Srebrny,100000km,MercedesBenz,SL,306KM,28900,2004
Fioletowy,221222km,Chrysler,Stratus,133KM,8900,1999
Niebieski,158000km,Peugeot,206CC,136KM,7900,2004
Czarny,112000km,MercedesBenz,SLK,183KM,41500,2008
Brązowy,95054km,MercedesBenz,SL,150KM,146000,1966
Czerwony,34672km,Chevrolet,Corvette,230KM,189000,1958
Srebrny,151231km,MINI,ONE,90KM,19999,2006
Czerwony,45235km,Triumph,TR4,104KM,55000,1965
Czarny,259065km,Renault,Megane,135KM,11400,2007
Srebrny,256500km,Audi,A4,163KM,19900,2003
Srebrny,163000km,Audi,80,133KM,24000,1991
Czarny,100km,Porsche,356,200KM,80000,1963
Zielony,250km,MercedesBenz,Inny,300KM,110500,1969
Czarny,188000km,MercedesBenz,CLK,163KM,34900,2003
Bordowy,5000km,Inny,Inny,136KM,50000,2002
Czerwony,320000km,AlfaRomeo,Spider,120KM,45900,1986
Czarny,33500km,Audi,A3,180KM,65000,2016
Czarny,123846km,Volkswagen,Eos,211KM,48700,2014
Innykolor,160000km,Honda,S2000,240KM,55000,2005
Czarny,69000km,Peugeot,308CC,120KM,33900,2012
Czarny,94832km,MercedesBenz,SL,320KM,73000,1997
Biały,73000km,BMW,Seria1,218KM,44900,2009
Srebrny,19504km,MercedesBenz,CLK,218KM,79000,2003
Czarny,100000km,Lincoln,Continental,250KM,32900,1947
Niebieski,130000km,Mercury,Cougar,280KM,119900,1971
Niebieski,175000km,Ford,Streetka,95KM,8900,2003
Szary,151000km,Audi,A5,224KM,64999,2013
Czerwony,1000km,Pontiac,Firebird,300KM,159900,1969
Srebrny,230000km,Peugeot,206CC,110KM,7900,2003
Czarny,72700km,BMW,M3,420KM,139900,2009
Czarny,175000km,BMW,Seria3,245KM,58500,2011
Niebieski,163400km,Ford,Focus,136KM,24600,2007
Czarny,23000km,Porsche,911,420KM,520000,2017
Szary,38000km,BMW,Z4,156KM,129000,2016
Czarny,113000km,MercedesBenz,SL,307KM,116000,1999
Niebieski,271000km,BMW,Seria3,115KM,16900,1995
Fioletowy,206000km,Peugeot,307CC,138KM,9999,2003
Czarny,39000km,Jaguar,FType,495KM,215000,2013
Niebieski,38000km,BMW,Seria2,340KM,129000,2018
Szary,138608km,MercedesBenz,SL,204KM,69000,1986
Zielony,100000km,Gaz,69,60KM,25000,1966
Czarny,197000km,Renault,Megane,120KM,14500,2005
Czarny,280000km,Audi,A4,220KM,18900,2003
Srebrny,165030km,Volkswagen,Eos,140KM,22900,2007
Innykolor,133938km,MercedesBenz,SL,222KM,59500,1982
Szary,228259km,Volvo,C70,193KM,9999,2001
Niebieski,8990km,BMW,Seria4,258KM,264900,2021
Czarny,108000km,MercedesBenz,SL,517KM,135900,2007
Niebieski,106000km,MercedesBenz,SLK,184KM,77500,2011
Srebrny,210000km,Peugeot,206CC,138KM,6000,2003
Biały,100000km,Audi,A3,180KM,37900,2015
Czarny,271600km,Renault,Megane,110KM,19990,2011
Czarny,59000km,Ford,Escort,105KM,25000,1991
Czerwony,62000km,Peugeot,206CC,110KM,5500,2004
Czarny,215000km,Volkswagen,Eos,140KM,18700,2006
Biały,12777km,BMW,Seria4,326KM,157000,2017
Czarny,97800km,BMW,Z3,321KM,109000,2000
Czarny,,BMW,Seria3,143KM,31900,2004
Żółty,700km,Jaguar,EType,265KM,450000,1970
Zielony,225000km,Chevrolet,Corvette,304KM,59900,1990
Srebrny,230000km,Peugeot,206CC,110KM,6850,2001
Czarny,360km,BMW,Z4,258KM,256000,2022
Czarny,240000km,MercedesBenz,SLK,231KM,39500,2007
Czarny,94900km,MercedesBenz,SL,320KM,49077,1991
Innykolor,109510km,Jaguar,XK8,284KM,7000,1998
Zielony,269745km,MercedesBenz,SLC,225KM,29900,1973
Bordowy,198000km,Renault,Megane,130KM,24999,2010
Szary,19500km,MercedesBenz,SLK,183KM,123000,2011
Zielony,48000km,Lamborghini,Huracan,640KM,1550000,2019
Niebieski,206000km,MercedesBenz,CLK,163KM,16900,2000
Czarny,48000km,MercedesBenz,SL,500KM,195000,2005
Szary,14900km,MercedesBenz,SL,585KM,799900,2016
Brązowy,225000km,Volvo,C70,150KM,45400,2012
Szary,239483km,Audi,A4,130KM,18600,2004
Niebieski,144000km,Peugeot,206CC,110KM,12900,2003
Czerwony,150000km,Chevrolet,Camaro,285KM,55000,1996
Czerwony,85509km,Triumph,TR5,152KM,199000,1968
Czarny,170000km,Renault,Megane,130KM,25999,2010
Niebieski,256000km,Audi,A4,140KM,22500,2007
Szary,198000km,Opel,Astra,140KM,16999,2006
Czarny,167000km,Renault,Megane,130KM,27400,2010
Czarny,185000km,MercedesBenz,SLK,136KM,18900,1999
Srebrny,145000km,Opel,Astra,140KM,21900,2007
Biały,110000km,RollsRoyce,Corniche,200KM,68000,1968
Czarny,205000km,Opel,Astra,140KM,15900,2008
Niebieski,197000km,Opel,Tigra,90KM,6900,2004
Żółty,31000km,Ferrari,California,560KM,729000,2016
Niebieski,179000km,Fiat,Barchetta,130KM,15800,1995
Srebrny,255120km,BMW,Z4,170KM,35900,2004
Czarny,119754km,Renault,Megane,111KM,8400,2006
Czerwony,120000km,MercedesBenz,SL,231KM,45000,1990
Bordowy,140000km,Saab,93,210KM,19500,2005
Niebieski,22000km,Ford,Mustang,290KM,129000,2019
Czerwony,140000km,MercedesBenz,SL,228KM,31500,1979
Niebieski,221709km,Saab,900,185KM,7900,1998
Czarny,145000km,Mazda,MX5,110KM,16000,2003
Czarny,167448km,MercedesBenz,SLK,163KM,29900,2004
Szary,185180km,Audi,A4,233KM,19900,2007
Czarny,253857km,Volkswagen,Eos,200KM,22000,2006
Biały,217000km,Audi,S5,333KM,69900,2009
Srebrny,74000km,MercedesBenz,SL,307KM,225000,2000
Biały,93000km,BMW,Seria3,184KM,60000,2012
Bordowy,199000km,Mitsubishi,Colt,109KM,9500,2006
Czarny,162585km,BMW,Seria3,192KM,47000,2005
Niebieski,123230km,Volkswagen,Eos,150KM,20500,2007
Zielony,84000km,MINI,Cooper,211KM,57500,2014
Szary,123000km,MercedesBenz,SL,223KM,77000,1987
Niebieski,28100km,Audi,A5,252KM,141000,2018
Czerwony,215000km,Opel,Astra,140KM,21900,2006
Niebieski,135000km,Citroën,C3Pluriel,73KM,7500,2008
Czarny,218000km,Audi,A4,200KM,25900,2007
Srebrny,194528km,MercedesBenz,CLK,197KM,29900,2001
Czarny,194000km,Volkswagen,Eos,140KM,28500,2011
Niebieski,6200km,Ford,Mustang,460KM,220000,2020
Biały,160000km,MercedesBenz,SL,185KM,80000,1984
Bordowy,,Peugeot,206CC,110KM,7999,2003
Czarny,123456km,Renault,Megane,136KM,9500,2004
Niebieski,231073km,BMW,Seria6,286KM,75000,2007
Czarny,240000km,MercedesBenz,SLK,183KM,38000,2008
Innykolor,10000km,AlfaRomeo,Inny,105KM,46900,2005
Czarny,195000km,Peugeot,307CC,138KM,14900,2005
Zielony,235000km,Peugeot,206CC,110KM,7900,2003
Niebieski,191000km,MercedesBenz,CLK,218KM,17900,1999
Biały,213212km,BMW,Z3,115KM,15500,1998
Czarny,141000km,Audi,A5,225KM,69000,2013
Brązowy,166857km,MG,Inny,120KM,9900,1998
Czarny,188430km,Audi,A3,200KM,34000,2008
Srebrny,141000km,BMW,Seria4,245KM,94900,2015
Czarny,239900km,Audi,A4,163KM,18900,2003
Czarny,159337km,Renault,Megane,135KM,9900,2003
Innykolor,259000km,Volkswagen,Eos,140KM,35900,2010
Srebrny,125800km,MercedesBenz,SL,476KM,115000,2003
Zielony,207500km,BMW,Seria3,143KM,40000,2003
Szary,248000km,Renault,Megane,135KM,9800,2006
Czarny,140000km,Opel,GT,264KM,59000,2008
Czarny,184000km,BMW,Seria3,163KM,21900,2008
Czarny,260500km,Volkswagen,Golf,125KM,3650,2000
Czerwony,43000km,Mazda,MX5,160KM,60800,2016
Czerwony,224154km,MercedesBenz,SL,306KM,69900,2002
Biały,5964km,MercedesBenz,KlasaC,194KM,259900,2020
Zielony,166170km,Peugeot,307,110KM,12500,2006
Szary,46600km,MercedesBenz,KlasaC,245KM,139900,2017
Czerwony,22350km,MercedesBenz,W12419841993,220KM,68000,1993
Czarny,65800km,Ford,Mustang,200KM,99000,1966
Szary,6000km,BMW,M8,625KM,699000,2020
Czarny,201387km,Ford,Focus,145KM,19900,2008
Srebrny,165000km,MINI,ONE,90KM,19900,2006
Srebrny,212000km,Saab,93,205KM,10900,2001
Srebrny,229975km,MercedesBenz,SL,320KM,64900,1999
Innykolor,144000km,MercedesBenz,SL,320KM,54000,1994
Szary,129300km,Mazda,MX5,146KM,22900,2002
Biały,33300km,Jaguar,FType,380KM,195570,2016
Czarny,139768km,MercedesBenz,KlasaE,220KM,57900,1995
Srebrny,129832km,MercedesBenz,SL,272KM,46900,1986
Szary,161000km,BMW,Z4,245KM,78600,2012
Czarny,181721km,Volvo,C70,136KM,26500,2008
Srebrny,190000km,Peugeot,207CC,149KM,15400,2007
Biały,135000km,Fiat,500,95KM,25900,2013
Szary,105000km,Porsche,718Boxster,350KM,210000,2016
Niebieski,310000km,BMW,Seria3,170KM,24900,1994
Niebieski,178000km,Porsche,Boxster,245KM,88900,2005
Czerwony,74530km,Volkswagen,Beetle,50KM,38400,1978
Szary,217448km,Smart,Fortwo,42KM,8800,2001
Srebrny,154300km,Peugeot,206CC,110KM,4900,2002
Zielony,99999km,Cadillac,Deville,325KM,63500,1962
Biały,31000km,Mazda,MX5,160KM,59950,2017
Biały,104000km,Volkswagen,Golf,105KM,49990,2012
Czarny,195000km,BMW,Z3,140KM,28000,1997
Czarny,190000km,Renault,Megane,115KM,13900,2006
Czarny,199000km,Audi,A5,211KM,42900,2010
Czarny,253950km,Saab,93,175KM,21950,2006
Czerwony,108000km,BMW,Z3,115KM,26500,1997
Innykolor,212230km,Audi,Cabriolet,116KM,16500,1994
Czarny,205000km,BMW,Z3,140KM,27900,1997
Srebrny,220000km,MercedesBenz,SLK,193KM,24900,1999
Czerwony,183000km,Saab,900,175KM,55500,1991
Srebrny,165459km,Volkswagen,Eos,150KM,17500,2006
Zielony,239000km,Audi,TT,180KM,15900,2000
Czarny,239525km,Peugeot,207CC,120KM,12999,2008
Bordowy,153151km,BMW,M6,507KM,134999,2007
Czarny,173000km,MercedesBenz,CLK,184KM,38900,2007
Biały,73291km,BMW,Seria6,367KM,105500,2009
Srebrny,208000km,MercedesBenz,SLK,163KM,43000,2006
Niebieski,52800km,MercedesBenz,SLK,272KM,82500,2005
Czarny,195000km,Peugeot,206CC,110KM,7900,2003
Czarny,198000km,Saab,93,150KM,14000,2001
Biały,204630km,BMW,Seria1,143KM,36500,2009
Srebrny,225000km,Saab,93,175KM,18000,2004
Czerwony,98765km,MercedesBenz,SL,170KM,53900,1970
Niebieski,220000km,Lexus,SC,285KM,49900,2002
Żółty,160000km,MercedesBenz,SL,240KM,39900,1984
Złoty,147000km,Peugeot,307CC,110KM,17900,2006
Srebrny,205000km,MercedesBenz,SLK,163KM,42000,2004
Brązowy,98765km,MercedesBenz,KlasaS,120KM,67500,1963
Srebrny,229000km,Peugeot,206CC,110KM,9900,2005
Srebrny,149000km,Mazda,MX5,146KM,16500,2003
Srebrny,148000km,MercedesBenz,SL,320KM,65000,1997
Czarny,179000km,Opel,Astra,150KM,12500,2007
Czarny,224000km,MercedesBenz,SL,306KM,39200,1999
Czarny,185000km,Volkswagen,Eos,160KM,23900,2008
Srebrny,225000km,Opel,Astra,150KM,15900,2007
Czarny,84000km,Peugeot,307CC,136KM,25900,2007
Zielony,149002km,MercedesBenz,SL,450KM,103000,1976
Biały,130500km,Renault,Megane,130KM,29000,2012
Czarny,242000km,Renault,Megane,136KM,9000,2004
Złoty,260000km,BMW,Seria6,258KM,28900,2005
Brązowy,97527km,Porsche,911,400KM,332000,2013
Srebrny,99800km,Opel,Tigra,125KM,13500,2007
Bordowy,98000km,MercedesBenz,SL,200KM,84900,1985
Czarny,184497km,MercedesBenz,SL,204KM,129900,1982
Biały,121000km,MercedesBenz,KlasaE,183KM,68900,2012
Niebieski,162000km,BMW,Z3,115KM,26900,1997
Biały,152500km,MercedesBenz,SL,388KM,99000,2006
Czerwony,291300km,Audi,80,116KM,23500,1994
Czarny,35129km,MercedesBenz,KlasaC,184KM,159900,2018
Czarny,139000km,Opel,Astra,105KM,16999,2008
Czarny,146581km,Peugeot,207CC,156KM,14700,2011
Niebieski,250000km,Honda,CRX,90KM,7999,1993
Zielony,287791km,Peugeot,206CC,110KM,6500,2002
Czarny,241000km,Audi,A4,140KM,22500,2006
Niebieski,266121km,Peugeot,307CC,110KM,7950,2004
Srebrny,200000km,Chrysler,200,287KM,39000,2012
Brązowy,100000km,MINI,Cooper,122KM,29500,2010
Srebrny,188000km,Peugeot,307CC,109KM,17900,2006
Srebrny,176213km,MercedesBenz,SLK,163KM,35000,2004
Czerwony,176000km,MercedesBenz,SL,307KM,59900,2002
Niebieski,1km,Citroën,Inny,20KM,39900,1926
Czarny,70000km,MercedesBenz,KlasaE,211KM,133000,2015
Czarny,256000km,MercedesBenz,SLK,231KM,42900,2006
Czarny,140000km,Jeep,Wrangler,121KM,49000,1991
Srebrny,90000km,Peugeot,206CC,138KM,4500,2001
Biały,87000km,Fiat,500,69KM,24500,2011
Srebrny,193002km,Opel,Astra,105KM,10500,2006
Srebrny,202000km,BMW,Z3,192KM,35900,1998
Innykolor,206255km,MercedesBenz,SLK,136KM,11900,1998
Czarny,129000km,MercedesBenz,SL,320KM,39900,1998
Biały,120836km,Peugeot,308CC,120KM,29900,2010
Biały,160000km,Ford,Mustang,305KM,59999,2015
Biały,7000km,BMW,Z4M,340KM,259000,2019
Czarny,167435km,Ford,Focus,125KM,22999,2008
Czarny,157000km,BMW,Seria3,143KM,29900,2004
Srebrny,146963km,BMW,M3,321KM,129000,1999
Srebrny,140000km,MercedesBenz,SL,320KM,119000,1999
Czarny,11111km,MG,TD,55KM,48000,1951
Złoty,282000km,Ford,Focus,136KM,22900,2008
Czarny,80000km,BMW,Z4,184KM,134685,2015
Czarny,102000km,Peugeot,207CC,120KM,14900,2008
Szary,134000km,Jaguar,XJS,275KM,63000,1988
Czarny,203602km,Peugeot,207CC,120KM,11000,2007
Czarny,428000km,MercedesBenz,CLK,163KM,24900,2005
Czarny,240000km,Audi,A4,163KM,19500,2003
Szary,118500km,BMW,Seria6,367KM,75000,2007
Czarny,155300km,Renault,Megane,110KM,10900,2008
Czarny,129000km,Ford,Mustang,317KM,50000,2016
Srebrny,181910km,Opel,Astra,149KM,14999,2007
Biały,129800km,Citroën,DS3,120KM,32900,2013
Czarny,94140km,MercedesBenz,SL,388KM,82900,2007
Czarny,183000km,Opel,Astra,125KM,7900,2004
Czarny,177062km,Opel,Astra,103KM,8500,2004
Srebrny,180000km,Infiniti,G,320KM,59000,2009
Złoty,125000km,Volkswagen,Eos,200KM,24900,2007
Czerwony,179000km,MercedesBenz,SL,307KM,69000,1994
Niebieski,178000km,Nissan,Micra,88KM,6999,2006
Srebrny,60000km,MercedesBenz,SL,306KM,36999,2006
Czarny,190000km,Ford,Escort,115KM,4900,1997
Srebrny,182651km,MercedesBenz,SLK,136KM,8999,1999
Czarny,179000km,BMW,Seria3,170KM,69000,1989
Czarny,179000km,BMW,i3,129KM,49900,1989
Złoty,233000km,MercedesBenz,SL,320KM,75000,1997
Niebieski,220000km,Opel,Tigra,125KM,7900,2006
Czerwony,192500km,Nissan,Micra,88KM,8400,2006
Czarny,160000km,MercedesBenz,SL,307KM,55900,1999
Biały,288000km,MercedesBenz,SL,320KM,29990,1996
Czarny,103800km,BMW,Seria3,143KM,35900,2003
Srebrny,23000km,Toyota,CamrySolara,225KM,43000,2006
Szary,90000km,Lexus,SC,286KM,92000,2008
Innykolor,131700km,Suzuki,Jimny,85KM,31900,2008
Niebieski,102000km,Opel,Astra,140KM,24500,2006
Srebrny,131230km,MercedesBenz,SL,227KM,79000,1985
Czarny,300000km,BMW,Seria6,367KM,49900,2005
Bordowy,76000km,MercedesBenz,SL,307KM,120000,1999
Czerwony,161000km,Peugeot,307CC,140KM,16900,2006
Czerwony,224000km,Saab,93,210KM,29520,2007
Żółty,41000km,Chevrolet,Camaro,323KM,119999,2016
Czarny,188000km,Opel,Astra,180KM,12400,2009
Niebieski,176658km,Opel,Astra,147KM,13900,2003
Innykolor,88000km,Citroën,2CV,29KM,94000,1979
Czarny,139959km,MercedesBenz,SL,306KM,39900,1999
Biały,149928km,MercedesBenz,SL,227KM,42900,1988
Szary,132215km,Peugeot,207CC,120KM,12900,2008
Biały,439000km,MercedesBenz,SL,190KM,35900,1972
Biały,199839km,MercedesBenz,KlasaE,220KM,69900,1995
Srebrny,221054km,MercedesBenz,SL,182KM,19900,1980
Biały,146007km,MercedesBenz,SL,232KM,46900,1987
Czerwony,,Volkswagen,Eos,140KM,39900,2011
Srebrny,187655km,MercedesBenz,SLK,136KM,11500,1999
Niebieski,198499km,Volkswagen,Eos,115KM,18950,2006
Niebieski,210000km,BMW,Z3,118KM,24990,1999
Czarny,178000km,Saab,93,185KM,9900,1999
Czarny,160000km,Peugeot,308CC,112KM,27900,2010
Niebieski,99405km,MercedesBenz,KlasaG,90KM,92500,1980
Niebieski,234000km,Ford,Focus,136KM,19850,2009
Biały,28000km,MercedesBenz,SLC,184KM,161000,2017
Czarny,43695km,Triumph,TR3,96KM,42900,1960
Czarny,178000km,Volkswagen,Beetle,105KM,24900,2010
Czarny,180100km,Opel,Tigra,90KM,8999,2006
Czarny,230000km,Volkswagen,Eos,150KM,19900,2006
Biały,103852km,Ford,Thunderbird,230KM,99000,1957
Czarny,95414km,Mazda,MX5,160KM,57900,2009
Niebieski,19234km,Porsche,911,580KM,799770,2018
Czarny,81450km,Volkswagen,Eos,122KM,36999,2011
Innykolor,68975km,MINI,Cooper,122KM,34500,2012
Czerwony,170000km,Mazda,MX5,146KM,25999,2005
Szary,220000km,Renault,Megane,135KM,12450,2007
Czarny,,MercedesBenz,SL,565KM,325000,2013
Czarny,131466km,Toyota,MR2,140KM,25000,2001
Biały,78000km,Volkswagen,Eos,140KM,40000,2010
Szary,150000km,Chrysler,Sebring,140KM,18999,2009
Srebrny,147050km,Peugeot,308CC,156KM,29900,2010
Czarny,118861km,MercedesBenz,KlasaE,231KM,75000,2010
Niebieski,178000km,MINI,Cooper,115KM,16500,2006
Srebrny,203000km,Peugeot,307CC,136KM,16900,2007
Szary,172000km,Ford,Streetka,95KM,6999,2004
Czarny,218271km,Peugeot,207,109KM,10800,2007
Innykolor,218000km,Opel,Astra,150KM,17000,2007
Biały,35296km,MercedesBenz,KlasaE,245KM,180000,2017
Czarny,151900km,BMW,Seria6,286KM,99000,2008
Czarny,250000km,Peugeot,307CC,138KM,9900,2005
Innykolor,270000km,Audi,A4,163KM,14600,2004
Czarny,222000km,MercedesBenz,SL,231KM,69900,1998
Szary,90000km,Citroën,DS3,82KM,29900,2013
Innykolor,118000km,BMW,Z4,231KM,48000,2003
Innykolor,104000km,BMW,Seria3,272KM,48500,2007
Szary,240000km,BMW,Seria3,231KM,49000,2008
Niebieski,200000km,Volkswagen,Golf,115KM,6900,2002
Zielony,198000km,MercedesBenz,SL,231KM,129000,1976
Szary,210000km,MercedesBenz,CLK,197KM,13600,2000
Srebrny,133683km,Peugeot,206CC,109KM,7499,2003
Szary,147000km,Audi,S5,333KM,104900,2014
Czarny,167000km,MercedesBenz,SLK,163KM,38900,2006
Czerwony,77191km,BMW,Seria2,136KM,35800,2015
Czarny,75000km,Lexus,SC,286KM,69900,2002
Szary,38000km,Mazda,MX5,160KM,96000,2018
Srebrny,111000km,Peugeot,307CC,138KM,15900,2003
Srebrny,102000km,Peugeot,307CC,110KM,17500,2005
Czerwony,113000km,Ford,Mustang,307KM,97900,2016
Innykolor,181100km,Peugeot,207CC,120KM,14900,2009
Szary,242225km,Opel,Astra,115KM,14800,2008
Niebieski,200000km,BMW,Seria3,231KM,22990,2004
Szary,153809km,Peugeot,307CC,138KM,8900,2005
Srebrny,185000km,Peugeot,207CC,110KM,12800,2007
Czarny,197000km,Peugeot,308CC,136KM,22999,2009
Czarny,140000km,Renault,Wind,100KM,25300,2011
Srebrny,190000km,Peugeot,307CC,109KM,12500,2006
Złoty,144600km,Renault,Megane,136KM,10000,2004
Czerwony,36282km,Porsche,Boxster,251KM,118080,2002
Srebrny,127145km,Suzuki,GrandVitara,128KM,27900,2000
Czarny,158000km,BMW,Seria6,407KM,99000,2011
Czarny,172000km,MercedesBenz,SLK,163KM,34900,2006
Niebieski,65800km,Renault,Wind,102KM,22900,2012
Szary,131200km,Peugeot,207CC,120KM,15998,2007
Niebieski,170000km,MercedesBenz,SLK,163KM,29500,2007
Niebieski,124000km,MINI,Cooper,116KM,28500,2005
Niebieski,400km,Fiat,124Spider,105KM,136000,1981
Czarny,127000km,Audi,S5,333KM,69999,2011
Czerwony,242000km,Volkswagen,Golf,100KM,5800,2000
Srebrny,197200km,Opel,Tigra,125KM,8900,2004
Srebrny,190000km,Volvo,C70,136KM,33900,2009
Czarny,137000km,MercedesBenz,SLK,163KM,29900,2004
Brązowy,172000km,MercedesBenz,SL,231KM,49900,1991
Szary,287000km,MercedesBenz,SL,326KM,49900,1991
Szary,131600km,Toyota,MR2,140KM,45900,2003
Niebieski,107000km,Opel,Cascada,140KM,54400,2016
Biały,9778km,MercedesBenz,KlasaC,258KM,269900,2020
Srebrny,68500km,MercedesBenz,SL,306KM,105899,2003
Niebieski,108000km,Audi,S3,310KM,178350,2016
Srebrny,149000km,Opel,Tigra,70KM,10999,2006
Innykolor,138000km,Opel,Tigra,90KM,10700,2006
Czerwony,137000km,MercedesBenz,SLK,306KM,96000,2011
Szary,181000km,BMW,Seria3,231KM,22000,2007
Fioletowy,172000km,BMW,Seria3,129KM,42500,1988
Niebieski,60000km,Chevrolet,Inny,60KM,105000,1925
Złoty,21851km,Chrysler,Prowler,253KM,165900,2002
Czarny,6607km,MINI,CooperS,192KM,159900,2021
Innykolor,206000km,MercedesBenz,SL,193KM,59000,1993
Złoty,146500km,Smart,Roadster,82KM,15900,2003
Szary,169000km,Renault,Megane,106KM,13900,2008
Czarny,265000km,Audi,A4,233KM,26900,2007
Fioletowy,156300km,BMW,Seria3,115KM,26800,1998
Biały,40344km,MercedesBenz,KlasaC,390KM,359900,2020
Czarny,176000km,Peugeot,207CC,120KM,16500,2008
Biały,62511km,AlfaRomeo,4C,241KM,229000,2015
Biały,67000km,MercedesBenz,KlasaC,170KM,135000,2017
Czarny,247342km,Peugeot,307CC,138KM,13000,2004
Biały,86000km,BMW,Seria4,258KM,129900,2015
Czarny,115000km,Suzuki,Jimny,80KM,27899,2003
Szary,219000km,MercedesBenz,SL,306KM,72000,2004
Srebrny,300000km,BMW,Z4,192KM,23300,2006
Czarny,163331km,MINI,ONE,98KM,18900,2005
Niebieski,131000km,Volkswagen,Golf,100KM,4590,2000
Szary,64700km,MercedesBenz,Inny,105KM,61500,1957
Biały,79000km,Saab,93,150KM,64400,2011
Srebrny,34500km,MercedesBenz,Inny,105KM,68500,1955
Niebieski,65300km,MercedesBenz,Inny,105KM,79500,1962
Czarny,160000km,MINI,Cooper,120KM,13950,2006
Szary,48400km,MercedesBenz,Inny,105KM,58500,1962
Czarny,176216km,Peugeot,307CC,109KM,10900,2006
Czerwony,78900km,MercedesBenz,Inny,105KM,76500,1959
Zielony,1234km,Ford,Inny,20KM,160000,1923
Biały,131000km,MINI,CooperS,175KM,27900,2009
Czerwony,149000km,Peugeot,207CC,150KM,18900,2009
Biały,500km,Fiat,500,70KM,73000,2021
Beżowy,45300km,MercedesBenz,Inny,105KM,56500,1958
Zielony,117000km,Triumph,Spitfire,70KM,29900,1976
Srebrny,200000km,Peugeot,206CC,110KM,1320,2003
Czerwony,166500km,Renault,Megane,115KM,12900,2006
Czarny,244580km,Volvo,C70,136KM,29500,2008
Fioletowy,183000km,Audi,80,150KM,19500,1994
Czarny,185000km,Renault,Megane,135KM,13500,2008
Srebrny,202000km,Nissan,Micra,88KM,8000,2006
Czarny,165500km,Peugeot,207CC,120KM,9500,2009
Srebrny,143000km,MercedesBenz,SLK,193KM,23800,2001
Innykolor,200100km,MINI,Cooper,115KM,18900,2005
Szary,215000km,Smart,Fortwo,41KM,6900,2002
Srebrny,156000km,Audi,A4,163KM,15000,2003
Czarny,138400km,Opel,Astra,140KM,19500,2008
Czerwony,32000km,Jaguar,FType,300KM,187000,2018
Szary,,Peugeot,207CC,120KM,14900,2008
Biały,148150km,Volvo,C70,150KM,56000,2011
Czarny,192134km,MINI,Cooper,115KM,8500,2007
Czarny,64000km,Kia,Elan,136KM,53000,1999
Brązowy,234000km,Ford,Focus,136KM,16900,2007
Beżowy,170000km,MercedesBenz,SL,320KM,55000,1994
Czarny,201000km,Audi,A4,163KM,35900,2009
Szary,177082km,Peugeot,207CC,112KM,10900,2011
Żółty,39000km,Ford,Mustang,450KM,213999,2019
Czerwony,132000km,Triumph,Spitfire,65KM,70000,1962
Czarny,150200km,BMW,Seria4,306KM,111000,2015
Niebieski,237000km,Audi,Cabriolet,125KM,19000,1997
Innykolor,103000km,Chrysler,Sebring,141KM,10900,2001
Fioletowy,270000km,BMW,Seria3,231KM,22500,2002
Zielony,110000km,MercedesBenz,SL,306KM,46500,1999
Biały,1200km,Fiat,500,70KM,64000,2021
Czerwony,35000km,Chrysler,Sebring,186KM,56800,2010
Niebieski,67000km,BMW,Seria3,306KM,49900,2009
Biały,138500km,Volkswagen,Beetle,170KM,53500,2015
Czarny,211100km,Peugeot,206CC,110KM,5500,2002
Srebrny,199000km,Peugeot,206CC,110KM,9600,2003
Czarny,220000km,MercedesBenz,SL,306KM,85000,2001
Beżowy,241000km,Volkswagen,NewBeetle,75KM,16990,2005
Srebrny,11000km,Porsche,718Spyder,420KM,450000,2021
Czarny,27000km,MercedesBenz,KlasaC,390KM,223000,2019
Niebieski,152000km,BMW,Seria3,170KM,69999,1992
Czarny,255000km,Saab,93,180KM,33999,2009
Czarny,202000km,Peugeot,307CC,138KM,10900,2004
Czarny,68000km,Audi,A5,224KM,83500,2015
Srebrny,243000km,Peugeot,206,110KM,4200,2002
Niebieski,215000km,Volkswagen,NewBeetle,105KM,19900,2005
Innykolor,3700km,Mazda,MX5,184KM,195950,2019
Biały,160000km,BMW,Seria6,367KM,129600,2008
Srebrny,122793km,Lexus,SC,285KM,49800,2002
Czarny,215123km,BMW,Z4,177KM,47600,2008
Srebrny,160047km,Opel,Astra,87KM,9700,2012
Czerwony,61500km,BMW,Seria2,252KM,139800,2017
Innykolor,97000km,Fiat,500,100KM,14900,2012
Czarny,180379km,Peugeot,308,156KM,18800,2010
Czerwony,49555km,Ford,Mustang,317KM,80000,2016
Srebrny,174000km,Peugeot,207CC,120KM,14500,2007
Innykolor,235000km,Peugeot,308CC,136KM,25000,2010
Bordowy,194600km,MercedesBenz,SL,224KM,48900,1980
Bordowy,268000km,Jaguar,XK,298KM,79000,1996
Niebieski,195000km,Chrysler,PTCruiser,143KM,14800,2005
Innykolor,90000km,MercedesBenz,KlasaE,258KM,159000,2014
Czerwony,211000km,Renault,Megane,112KM,12900,2007
Czarny,124000km,Peugeot,207CC,156KM,18900,2009
Czarny,266000km,Audi,A4,140KM,23900,2006
Innykolor,144000km,Peugeot,207,120KM,16700,2007
Czarny,101000km,Volvo,C70,170KM,30000,2007
Czarny,215000km,MercedesBenz,CLK,184KM,35900,2008
Czerwony,51096km,Porsche,Boxster,265KM,179999,2013
Czerwony,30565km,MercedesBenz,SL,585KM,350000,2012
Zielony,178000km,Renault,Megane,136KM,10900,2006
Czarny,220000km,Porsche,911,300KM,129900,2000
Srebrny,187000km,Peugeot,206CC,110KM,6900,2004
Srebrny,176000km,Chrysler,Sebring,141KM,7771,2001
Czarny,222493km,Volkswagen,NewBeetle,102KM,10989,2003
Biały,115000km,MercedesBenz,KlasaE,435KM,381298,2018
Czarny,10000km,MINI,ONE,102KM,48900,2020
Innykolor,100000km,Audi,A5,265KM,22017,2010
Srebrny,185740km,MercedesBenz,KlasaE,150KM,56900,1995
Czarny,166927km,Volkswagen,Eos,160KM,25999,2009
Srebrny,297000km,Saab,93,205KM,10000,2001
Szary,226262km,Honda,S2000,240KM,84900,2006
Czerwony,149000km,Volkswagen,Golf,115KM,14900,1995
Bordowy,132000km,Chrysler,LeBaron,136KM,20700,1990
Srebrny,280000km,Audi,A3,105KM,21800,2008
Srebrny,133000km,BMW,Z4,192KM,17000,2005
Innykolor,170000km,Renault,Megane,130KM,11999,2006
Czarny,177400km,MercedesBenz,SL,326KM,57000,1991
Czarny,234750km,Peugeot,207CC,110KM,13700,2008
Biały,113580km,MercedesBenz,SL,476KM,160000,2002
Czarny,102380km,BMW,Z4,170KM,44800,2005
Czarny,165715km,Opel,Astra,140KM,16000,2007
Niebieski,159000km,Peugeot,206CC,110KM,9000,2005
Czarny,203000km,Opel,Tigra,70KM,8900,2006
Innykolor,190000km,Volkswagen,Golf,90KM,11900,1995
Niebieski,150000km,Opel,Tigra,90KM,10900,2006
Niebieski,250000km,Saab,93,210KM,29500,2008
Niebieski,178000km,MercedesBenz,SL,306KM,79900,2003
Biały,70641km,Audi,A3,190KM,89900,2015
Biały,126580km,MercedesBenz,SL,230KM,126000,1987
Żółty,67000km,Citroën,2CV,29KM,47000,1978
Czarny,121600km,Smart,Roadster,82KM,21999,2004
Czarny,94000km,Porsche,Boxster,245KM,145000,2008
Biały,40903km,MercedesBenz,KlasaC,184KM,183900,2016
Beżowy,130000km,MINI,Cooper,120KM,25900,2009
Czarny,132000km,Opel,Astra,140KM,18900,2006
Innykolor,235000km,Audi,A4,163KM,16900,2003
Innykolor,103000km,MercedesBenz,SL,394KM,123000,1993
Srebrny,134000km,Peugeot,308CC,156KM,25500,2010
Czerwony,136516km,MercedesBenz,SL,306KM,99000,2003
Czarny,206854km,Volkswagen,NewBeetle,102KM,14900,2005
Czarny,296000km,Peugeot,307CC,110KM,9500,2005
Czarny,206200km,Opel,Astra,140KM,15900,2007
Srebrny,125185km,MINI,Cooper,115KM,13200,2004
Srebrny,140000km,Peugeot,207,150KM,17500,2008
Czarny,71000km,Jaguar,FType,575KM,297660,2017
Czarny,160600km,Opel,Tigra,90KM,11900,2006
Niebieski,140905km,Peugeot,206CC,138KM,11500,2003
Czarny,44373km,Jaguar,Inny,122KM,185000,1950
Innykolor,129000km,Ford,Focus,100KM,18800,2007
Czarny,218500km,BMW,Seria3,193KM,35900,1997
Innykolor,150000km,BMW,Seria3,136KM,36000,2004
Niebieski,362000km,MercedesBenz,CLK,193KM,15900,2000
Czarny,134100km,BMW,Seria1,143KM,29900,2008
Czarny,275567km,Opel,Astra,150KM,16900,2008
Czarny,120000km,Smart,Roadster,50KM,5900,2000
Srebrny,215000km,Audi,TT,225KM,18500,2000
Czerwony,38000km,Porsche,911,282KM,890000,1988
Szary,180000km,Peugeot,207CC,120KM,15600,2009
Czarny,219000km,BMW,Seria1,204KM,44990,2010
Czerwony,190301km,Chevrolet,Camaro,323KM,27900,2015
Czarny,130000km,Peugeot,207CC,150KM,8200,2007
Niebieski,124422km,MercedesBenz,SL,320KM,93700,1997
Czarny,160000km,Saab,900,145KM,49900,1992
Srebrny,45108km,Ford,Mustang,317KM,61500,2015
Srebrny,180000km,MercedesBenz,CLK,163KM,19500,2001
Czarny,275567km,Opel,Astra,150KM,16900,2009
